INSERT INTO public.iac_typeinput ("type") VALUES
	 ('input'),
	 ('text'),
	 ('password'),
	 ('select'),
	 ('file'),
	 ('radio'),
	 ('checkbox');

INSERT INTO public.iac_inventoryparameter("name", description, value, type_id)
VALUES
('ansible_connection', 'Tipo de conexão utilizada para acessar o host (ssh, local, etc.).','local, ssh, paramiko, winrm, docker, jail, lxc, lxd, smart',4),
('ansible_user', 'Usuário utilizado para acessar o host.',null,1),
('ansible_password', 'Senha utilizada para autenticar o usuário (recomenda-se não usar senhas em texto claro).', null, 3),
('ansible_ssh_private_key_file', 'Caminho para o arquivo de chave privada utilizada para autenticar o usuário.', null, 5),
('ansible_python_interpreter', 'Caminho para o interpretador Python utilizado para executar os módulos do Ansible.', null, 1),
('ansible_port', 'Porta utilizada para acessar o host (padrão é 22 para SSH).', null, 1),
('ansible_ssh_common_args', 'Argumentos adicionais a serem passados para o comando SSH.', null, 1),
('ansible_become', 'Indica se é necessário executar com privilégios elevados (como root).','true,false',4),
('ansible_become_method', 'Método utilizado para elevar os privilégios (sudo, su, pfexec, etc.).','sudo, su, pbrun, pfexec, runas',4),
('ansible_become_user', 'Usuário utilizado para elevar os privilégios. Note que esse usuário deve ter permissão para executar com privilégios elevados no host.', null,1),
('ansible_become_password', 'Senha utilizada para elevar os privilégios. Recomenda-se não usar senhas em texto claro.', null, 3),
('ansible_host', 'Endereço IP ou nome DNS do host. Essa opção substitui o endereço definido em hosts.', null, 1);

INSERT INTO public.iac_playbookparameter (name, description, value, type_id) VALUES
('gather_facts', 'Define se o Ansible deve coletar fatos sobre o host antes de executar as tarefas.','true,false',4),
('vars', 'Variáveis definidas no nível de playbook e que têm um escopo global.',null,1),
('vars_files', 'Arquivos YAML que contêm variáveis e podem ser referenciados pelo playbook.', null, 5),
('include', 'Inclui outro arquivo YAML ou um arquivo de tarefas.', null, 5),
('when', 'Executa uma tarefa somente quando uma determinada condição é atendida.',null,1),
('ignore_errors', 'Ignora erros de uma tarefa e continua a execução do playbook.', 'true,false',4),
('no_log', 'Impede que a saída de uma tarefa seja registrada.','true,false',4),
('become', 'Se o Ansible deve se tornar outro usuário antes de executar as tarefas.','true,false',4),
('become_user', 'O usuário a se tornar antes de executar as tarefas.', null,1),
('become_method', 'O método de "tornar-se" a ser usado (por exemplo, sudo).', 'sudo, su, pbrun, pfexec, runas',4),
('environment', 'Variáveis definidas no ambiente do sistema operacional, que podem ser acessadas em um playbook com a variável `ansible_env`.', null,1),
('extra_vars', 'Variáveis passadas na linha de comando ao executar o playbook com a opção `-e`.', null,1),
('ignore_unreachable', 'Ignora hosts inacessíveis e continua a execução do playbook.','true,false',4),
('any_errors_fatal', 'Define se o playbook deve parar imediatamente quando qualquer erro ocorre.', null,1),
('connection', 'O tipo de conexão a ser usado para se conectar ao host.', 'local, ssh, paramiko, winrm, docker, jail, lxc, lxd, smart',4),
('remote_user', 'O usuário remoto a ser usado para se conectar ao host.', null,1),
('timeout', 'O tempo limite para a conexão remota.', null,1),
('delegate_facts', 'Define se os fatos coletados durante a execução de uma tarefa devem ser devolvidos para o host de origem ou intermediário.', 'true,false',4),
('run_once', 'Executa a tarefa apenas em um host.','true,false',4),
('serial', 'Especifica o número de hosts a serem executados em paralelo.', null,1);

INSERT INTO public.iac_ansiblemodule (id, name, collection, description)
VALUES (1, 'include_role', 'ansible.builtin.', 'Load and execute a role'),
(2, 'include_tasks', 'ansible.builtin.', 'Dynamically include a task list'),
(3, 'import_playbook', 'ansible.builtin.', 'Import a playbook'),
(4, 'ping', 'ansible.builtin.', 'Try to connect to host, verify a usable python and return C(pong) on success'),
(5, 'known_hosts', 'ansible.builtin.', 'Add or remove a host from the C(known_hosts) file'),
(6, 'set_stats', 'ansible.builtin.', 'Define and display stats for the current ansible run'),
(7, 'pause', 'ansible.builtin.', 'Pause playbook execution'),
(8, 'lineinfile', 'ansible.builtin.', 'Manage lines in text files'),
(9, 'yum', 'ansible.builtin.', 'Manages packages with the I(yum) package manager'),
(10, 'fetch', 'ansible.builtin.', 'Fetch files from remote nodes'),
(11, 'add_host', 'ansible.builtin.', 'Add a host (and alternatively a group) to the ansible-playbook in-memory inventory'),
(12, 'assemble', 'ansible.builtin.', 'Assemble configuration files from fragments'),
(13, 'include_vars', 'ansible.builtin.', 'Load variables from files, dynamically within a task'),
(14, 'reboot', 'ansible.builtin.', 'Reboot a machine'),
(15, 'assert', 'ansible.builtin.', 'Asserts given expressions are true'),
(16, 'raw', 'ansible.builtin.', 'Executes a low-down and dirty command'),
(17, 'dpkg_selections', 'ansible.builtin.', 'Dpkg package selection selections'),
(18, 'group_by', 'ansible.builtin.', 'Create Ansible groups based on facts'),
(19, 'wait_for_connection', 'ansible.builtin.', 'Waits until remote system is reachable/usable'),
(20, 'deb822_repository', 'ansible.builtin.', 'Add and remove deb822 formatted repositories'),
(21, 'blockinfile', 'ansible.builtin.', 'Insert/update/remove a text block surrounded by marker lines'),
(22, 'getent', 'ansible.builtin.', 'A wrapper to the unix getent utility'),
(23, 'pip', 'ansible.builtin.', 'Manages Python library dependencies'),
(24, 'unarchive', 'ansible.builtin.', 'Unpacks an archive after (optionally) copying it from the local machine'),
(25, 'import_tasks', 'ansible.builtin.', 'Import a task list'),
(26, 'git', 'ansible.builtin.', 'Deploy software (or files) from git checkouts'),
(27, 'setup', 'ansible.builtin.', 'Gathers facts about remote hosts'),
(28, 'file', 'ansible.builtin.', 'Manage files and file properties'),
(29, 'dnf5', 'ansible.builtin.', 'Manages packages with the I(dnf5) package manager'),
(30, 'tempfile', 'ansible.builtin.', 'Creates temporary files and directories'),
(31, 'set_fact', 'ansible.builtin.', 'Set host variable(s) and fact(s)'),
(32, 'slurp', 'ansible.builtin.', 'Slurps a file from remote nodes'),
(33, 'meta', 'ansible.builtin.', 'Execute Ansible actions'),
(34, 'iptables', 'ansible.builtin.', 'Modify iptables rules'),
(35, 'copy', 'ansible.builtin.', 'Copy files to remote locations'),
(36, 'command', 'ansible.builtin.', 'Execute commands on targets'),
(37, 'find', 'ansible.builtin.', 'Return a list of files based on specific criteria'),
(38, '_include', 'ansible.builtin.', 'Include a task list'),
(39, 'package_facts', 'ansible.builtin.', 'Package information as facts'),
(40, 'dnf', 'ansible.builtin.', 'Manages packages with the I(dnf) package manager'),
(41, 'apt_key', 'ansible.builtin.', 'Add or remove an apt key'),
(42, 'debconf', 'ansible.builtin.', 'Configure a .deb package'),
(43, 'group', 'ansible.builtin.', 'Add or remove groups'),
(44, 'subversion', 'ansible.builtin.', 'Deploys a subversion repository'),
(45, 'uri', 'ansible.builtin.', 'Interacts with webservices'),
(46, 'expect', 'ansible.builtin.', 'Executes a command and responds to prompts'),
(47, 'service', 'ansible.builtin.', 'Manage services'),
(48, 'systemd_service', 'ansible.builtin.', 'Manage systemd units'),
(49, 'sysvinit', 'ansible.builtin.', 'Manage SysV services'),
(50, 'get_url', 'ansible.builtin.', 'Downloads files from HTTP, HTTPS, or FTP to node'),
(51, 'shell', 'ansible.builtin.', 'Execute shell commands on targets'),
(52, 'stat', 'ansible.builtin.', 'Retrieve file or file system status'),
(53, 'validate_argument_spec', 'ansible.builtin.', 'Validate role argument specs'),
(54, 'systemd', 'ansible.builtin.', 'Manage systemd units'),
(55, 'replace', 'ansible.builtin.', 'Replace all instances of a particular string in a file using a back-referenced regular expression'),
(56, 'service_facts', 'ansible.builtin.', 'Return service state information as fact data'),
(57, 'rpm_key', 'ansible.builtin.', 'Adds or removes a gpg key from the rpm db'),
(58, 'hostname', 'ansible.builtin.', 'Manage hostname'),
(59, 'template', 'ansible.builtin.', 'Template a file out to a target host'),
(60, 'cron', 'ansible.builtin.', 'Manage cron.d and crontab entries'),
(61, 'package', 'ansible.builtin.', 'Generic OS package manager'),
(62, 'yum_repository', 'ansible.builtin.', 'Add or remove YUM repositories'),
(63, 'apt_repository', 'ansible.builtin.', 'Add and remove APT repositories'),
(64, 'import_role', 'ansible.builtin.', 'Import a role into a play'),
(65, 'user', 'ansible.builtin.', 'Manage user accounts'),
(66, 'fail', 'ansible.builtin.', 'Fail with custom message'),
(67, 'script', 'ansible.builtin.', 'Runs a local script on a remote node after transferring it'),
(68, 'gather_facts', 'ansible.builtin.', 'Gathers facts about remote hosts'),
(69, 'async_status', 'ansible.builtin.', 'Obtain status of asynchronous task'),
(70, 'apt', 'ansible.builtin.', 'Manages apt-packages'),
(71, 'wait_for', 'ansible.builtin.', 'Waits for a condition before continuing'),
(72, 'debug', 'ansible.builtin.', 'Print statements during execution');


INSERT INTO public.iac_ansiblemodulevariable (id, module_id, name, description, variable_type, choices, required)
VALUES(1, 1, 'apply', 'Accepts a hash of task keywords (e.g. C(tags), C(become)) that will be applied to all tasks within the included role.', null, null, false),
(2, 1, 'name', 'The name of the role to be executed.', 'str', null, true),
(3, 1, 'tasks_from', 'File to load from a roles C(tasks/) directory.', 'str', null, false),
(4, 1, 'vars_from', 'File to load from a roles C(vars/) directory.', 'str', null, false),
(5, 1, 'defaults_from', 'File to load from a roles C(defaults/) directory.', 'str', null, false),
(6, 1, 'allow_duplicates', 'Overrides the roles metadata setting to allow using a role more than once with the same parameters.', 'bool', null, false),
(7, 1, 'public', 'This option dictates whether the roles C(vars) and C(defaults) are exposed to the play. If set to C(true) the variables will be available to tasks following the C(include_role) task. This functionality differs from standard variable exposure for roles listed under the C(roles) header or C(import_role) as they are exposed to the play at playbook parsing time, and available to earlier roles and tasks as well.', 'bool', null, false),
(8, 1, 'handlers_from', 'File to load from a roles C(handlers/) directory.', 'str', null, false),
(9, 1, 'rolespec_validate', 'Perform role argument spec validation if an argument spec is defined.', 'bool', null, false),
(10, 2, 'file', 'Specifies the name of the file that lists tasks to add to the current playbook.', 'str', null, false),
(11, 2, 'apply', 'Accepts a hash of task keywords (e.g. C(tags), C(become)) that will be applied to the tasks within the include.', 'str', null, false),
(12, 2, 'free-form', 'Specifies the name of the imported file directly without any other option C(- include_tasks: file.yml).
', null, null, false),
(13, 3, 'free-form', 'The name of the imported playbook is specified directly without any other option.', null, null, false),
(14, 4, 'data', 'Data to return for the C(ping) return value.', 'str', null, false),
(15, 5, 'name', 'The host to add or remove (must match a host specified in key). It will be converted to lowercase so that ssh-keygen can find it.', 'str', null, true),
(16, 5, 'key', 'The SSH public host key, as a string.', 'str', null, false),
(17, 5, 'path', 'The known_hosts file to edit.', 'path', null, false),
(18, 5, 'hash_host', 'Hash the hostname in the known_hosts file.', 'bool', null, false),
(19, 5, 'state', 'I(present) to add the host key.', 'str', 'absent|present', false),
(20, 6, 'data', 'A dictionary of which each key represents a stat (or variable) you want to keep track of.', 'dict', null, true),
(21, 6, 'per_host', 'whether the stats are per host or for all hosts in the run.', 'bool', null, false),
(22, 6, 'aggregate', 'Whether the provided value is aggregated to the existing stat C(true) or will replace it C(false).', 'bool', null, false),
(23, 7, 'minutes', 'A positive number of minutes to pause for.', null, null, false),
(24, 7, 'seconds', 'A positive number of seconds to pause for.', null, null, false),
(25, 7, 'prompt', 'Optional text to use for the prompt message.', null, null, false),
(26, 7, 'echo', 'Controls whether or not keyboard input is shown when typing.', 'bool', null, false),
(27, 8, 'path', 'The file to modify.', 'path', null, true),
(28, 8, 'regexp', 'The regular expression to look for in every line of the file.', 'str', null, false),
(29, 8, 'search_string', 'The literal string to look for in every line of the file. This does not have to match the entire line.', 'str', null, false),
(30, 8, 'state', 'Whether the line should be there or not.', 'str', 'absent|present', false),
(31, 8, 'line', 'The line to insert/replace into the file.', 'str', null, false),
(32, 8, 'backrefs', 'Used with C(state=present).', 'bool', null, false),
(33, 8, 'insertafter', 'Used with C(state=present).', 'str', 'EOF|*regex*', false),
(34, 8, 'insertbefore', 'Used with C(state=present).', 'str', 'BOF|*regex*', false),
(35, 8, 'create', 'Used with C(state=present).', 'bool', null, false),
(36, 8, 'backup', 'Create a backup file including the timestamp information so you can get the original file back if you somehow clobbered it incorrectly.', 'bool', null, false),
(37, 8, 'firstmatch', 'Used with C(insertafter) or C(insertbefore).', 'bool', null, false),
(38, 8, 'others', 'All arguments accepted by the M(ansible.builtin.file) module also work here.', 'str', null, false),
(39, 8, 'mode', 'The permissions the resulting filesystem object should have.', 'raw', null, false),
(40, 8, 'owner', 'Name of the user that should own the filesystem object, as would be fed to I(chown).', 'str', null, false),
(41, 8, 'group', 'Name of the group that should own the filesystem object, as would be fed to I(chown).', 'str', null, false),
(42, 8, 'seuser', 'The user part of the SELinux filesystem object context.', 'str', null, false),
(43, 8, 'serole', 'The role part of the SELinux filesystem object context.', 'str', null, false),
(44, 8, 'setype', 'The type part of the SELinux filesystem object context.', 'str', null, false),
(45, 8, 'selevel', 'The level part of the SELinux filesystem object context.', 'str', null, false),
(46, 8, 'unsafe_writes', 'Influence when to use atomic operation to prevent data corruption or inconsistent reads from the target filesystem object.', 'bool', null, false),
(47, 8, 'attributes', 'The attributes the resulting filesystem object should have.', 'str', null, false),
(48, 8, 'validate', 'The validation command to run before copying the updated file into the final destination.', 'str', null, false),
(49, 9, 'use_backend', 'This module supports C(yum) (as it always has), this is known as C(yum3)/C(YUM3)/C(yum-deprecated) by upstream yum developers. As of Ansible 2.7+, this module also supports C(YUM4), which is the "new yum" and it has an C(dnf) backend. As of ansible-core 2.15+, C(dnf) will auto select the backend based on the C(ansible_pkg_mgr) fact.', 'str', 'auto|yum|yum4|dnf|dnf4|dnf5', false),
(50, 9, 'name', 'A package name or package specifier with version, like C(name-1.0).', 'list', null, false),
(51, 9, 'exclude', 'Package name(s) to exclude when state=present, or latest', 'list', null, false),
(52, 9, 'list', 'Package name to run the equivalent of C(yum list --show-duplicates <package>) against. In addition to listing packages, use can also list the following: C(installed), C(updates), C(available) and C(repos).', 'str', null, false),
(53, 9, 'state', 'Whether to install (C(present) or C(installed), C(latest)), or remove (C(absent) or C(removed)) a package.', 'str', 'absent|installed|latest|present|removed', false),
(54, 9, 'enablerepo', 'I(Repoid) of repositories to enable for the install/update operation. These repos will not persist beyond the transaction. When specifying multiple repos, separate them with a C(",").', 'list', null, false),
(55, 9, 'disablerepo', 'I(Repoid) of repositories to disable for the install/update operation. These repos will not persist beyond the transaction. When specifying multiple repos, separate them with a C(",").', 'list', null, false),
(56, 9, 'conf_file', 'The remote yum configuration file to use for the transaction.', 'str', null, false),
(57, 9, 'disable_gpg_check', 'Whether to disable the GPG checking of signatures of packages being installed. Has an effect only if state is I(present) or I(latest).', 'bool', null, false),
(58, 9, 'skip_broken', 'Skip all unavailable packages or packages with broken dependencies without raising an error. Equivalent to passing the --skip-broken option.', 'bool', null, false),
(59, 9, 'update_cache', 'Force yum to check if cache is out of date and redownload if needed. Has an effect only if state is I(present) or I(latest).', 'bool', null, false),
(60, 9, 'validate_certs', 'This only applies if using a https url as the source of the rpm. e.g. for localinstall. If set to C(false), the SSL certificates will not be validated.', 'bool', null, false),
(61, 9, 'sslverify', 'Disables SSL validation of the repository server for this transaction.', 'bool', null, false),
(62, 9, 'update_only', 'When using latest, only update installed packages. Do not install packages.', 'bool', null, false),
(63, 9, 'installroot', 'Specifies an alternative installroot, relative to which all packages will be installed.', 'str', null, false),
(64, 9, 'security', 'If set to C(true), and C(state=latest) then only installs updates that have been marked security related.', 'bool', null, false),
(65, 9, 'bugfix', 'If set to C(true), and C(state=latest) then only installs updates that have been marked bugfix related.', 'bool', null, false),
(66, 9, 'allow_downgrade', 'Specify if the named package and version is allowed to downgrade a maybe already installed higher version of that package. Note that setting allow_downgrade=True can make this module behave in a non-idempotent way. The task could end up with a set of packages that does not match the complete list of specified packages to install (because dependencies between the downgraded package and others can cause changes to the packages which were in the earlier transaction).', 'bool', null, false),
(67, 9, 'enable_plugin', 'I(Plugin) name to enable for the install/update operation. The enabled plugin will not persist beyond the transaction.', 'list', null, false),
(68, 9, 'disable_plugin', 'I(Plugin) name to disable for the install/update operation. The disabled plugins will not persist beyond the transaction.', 'list', null, false),
(69, 9, 'releasever', 'Specifies an alternative release from which all packages will be installed.', 'str', null, false),
(70, 9, 'autoremove', 'If C(true), removes all "leaf" packages from the system that were originally installed as dependencies of user-installed packages but which are no longer required by any such package. Should be used alone or when state is I(absent)', 'bool', null, false),
(71, 9, 'disable_excludes', 'Disable the excludes defined in YUM config files.', 'str', null, false),
(72, 9, 'download_only', 'Only download the packages, do not install them.', 'bool', null, false),
(73, 9, 'lock_timeout', 'Amount of time to wait for the yum lockfile to be freed.', 'int', null, true),
(74, 9, 'install_weak_deps', 'Will also install all packages linked by a weak dependency relation.', 'bool', null, false),
(75, 9, 'download_dir', 'Specifies an alternate directory to store packages.', 'str', null, false),
(76, 9, 'install_repoquery', 'If repoquery is not available, install yum-utils. If the system is registered to RHN or an RHN Satellite, repoquery allows for querying all channels assigned to the system. It is also required to use the list parameter.', 'bool', null, true),
(77, 9, 'cacheonly', 'Tells yum to run entirely from system cache; does not download or update metadata.', 'bool', null, false),
(78, 10, 'src', 'The file on the remote system to fetch.', null, null, true),
(79, 10, 'dest', 'A directory to save the file into.', null, null, true),
(80, 10, 'fail_on_missing', 'When set to C(true), the task will fail if the remote file cannot be read for any reason.', 'bool', null, false),
(81, 10, 'validate_checksum', 'Verify that the source and destination checksums match after the files are fetched.', 'bool', null, false),
(82, 10, 'flat', 'Allows you to override the default behavior of appending hostname/path/to/file to the destination.', 'bool', null, false),
(83, 11, 'name', 'The hostname/ip of the host to add to the inventory, can include a colon and a port number.', 'str', null, true),
(84, 11, 'groups', 'The groups to add the hostname to.', 'list', null, false),
(85, 12, 'src', 'An already existing directory full of source files.', 'path', null, true),
(86, 12, 'dest', 'A file to create using the concatenation of all of the source files.', 'path', null, true),
(87, 12, 'backup', 'Create a backup file (if C(true)), including the timestamp information so you can get the original file back if you somehow clobbered it incorrectly.', 'bool', null, false),
(88, 12, 'delimiter', 'A delimiter to separate the file contents.', 'str', null, false),
(89, 12, 'remote_src', 'If C(false), it will search for src at originating/master machine.', 'bool', null, false),
(90, 12, 'regexp', 'Assemble files only if C(regex) matches the filename.', 'str', null, false),
(91, 12, 'ignore_hidden', 'A boolean that controls if files that start with a . will be included or not.', 'bool', null, false),
(92, 12, 'validate', 'The validation command to run before copying into place.', 'str', null, false),
(93, 12, 'decrypt', 'This option controls the autodecryption of source files using vault.', 'bool', null, false),
(94, 12, 'mode', 'The permissions the resulting filesystem object should have.', 'raw', null, false),
(95, 12, 'owner', 'Name of the user that should own the filesystem object, as would be fed to I(chown).', 'str', null, false),
(96, 12, 'group', 'Name of the group that should own the filesystem object, as would be fed to I(chown).', 'str', null, false),
(97, 12, 'seuser', 'The user part of the SELinux filesystem object context.', 'str', null, false),
(98, 12, 'serole', 'The role part of the SELinux filesystem object context.', 'str', null, false),
(99, 12, 'setype', 'The type part of the SELinux filesystem object context.', 'str', null, false),
(100, 12, 'selevel', 'The level part of the SELinux filesystem object context.', 'str', null, false),
(101, 12, 'unsafe_writes', 'Influence when to use atomic operation to prevent data corruption or inconsistent reads from the target filesystem object.', 'bool', null, false),
(102, 12, 'attributes', 'The attributes the resulting filesystem object should have.', 'str', null, false),
(103, 13, 'file', 'The file name from which variables should be loaded.', 'path', null, false),
(104, 13, 'dir', 'The directory name from which the variables should be loaded.', 'path', null, false),
(105, 13, 'name', 'The name of a variable into which assign the included vars.', 'str', null, false),
(106, 13, 'depth', 'When using C(dir), this module will, by default, recursively go through each sub directory and load up the variables. By explicitly setting the depth, this module will only go as deep as the depth.', 'int', null, false),
(107, 13, 'files_matching', 'Limit the files that are loaded within any directory to this regular expression.', 'str', null, false),
(108, 13, 'ignore_files', 'List of file names to ignore.', 'list', null, false),
(109, 13, 'extensions', 'List of file extensions to read when using C(dir).', 'list', null, false),
(110, 13, 'ignore_unknown_extensions', 'Ignore unknown file extensions within the directory.', 'bool', null, false),
(111, 13, 'hash_behaviour', 'If set to C(merge), merges existing hash variables instead of overwriting them.', 'str', 'replace|merge', false),
(112, 13, 'free-form', 'This module allows you to specify the file option directly without any other options.', null, null, false),
(113, 14, 'pre_reboot_delay', 'Seconds to wait before reboot. Passed as a parameter to the reboot command.', 'int', null, false),
(114, 14, 'post_reboot_delay', 'Seconds to wait after the reboot command was successful before attempting to validate the system rebooted successfully.', 'int', null, false),
(115, 14, 'reboot_timeout', 'Maximum seconds to wait for machine to reboot and respond to a test command.', 'int', null, false),
(116, 14, 'connect_timeout', 'Maximum seconds to wait for a successful connection to the managed hosts before trying again.', 'int', null, false),
(117, 14, 'test_command', 'Command to run on the rebooted host and expect success from to determine the machine is ready for further tasks.', 'str', null, false),
(118, 14, 'msg', 'Message to display to users before reboot.', 'str', null, false),
(119, 14, 'search_paths', 'Paths to search on the remote machine for the C(shutdown) command.', 'list', null, false),
(120, 14, 'boot_time_command', 'Command to run that returns a unique string indicating the last time the system was booted.', 'str', null, false),
(121, 14, 'reboot_command', 'Command to run that reboots the system, including any parameters passed to the command.', 'str', null, false),
(122, 15, 'that', 'A list of string expressions of the same form that can be passed to the when statement.', 'list', null, true),
(123, 15, 'fail_msg', 'The customized message used for a failing assertion.', 'str', null, false),
(124, 15, 'success_msg', 'The customized message used for a successful assertion.', 'str', null, false),
(125, 15, 'quiet', 'Set this to C(true) to avoid verbose output.', 'bool', null, false),
(126, 16, 'free_form', 'The raw module takes a free form command to run.', null, null, true),
(127, 16, 'executable', 'Change the shell used to execute the command. Should be an absolute path to the executable.', null, null, false),
(128, 17, 'name', 'Name of the package.', 'str', null, true),
(129, 17, 'selection', 'The selection state to set the package to.', 'str', 'install|hold|deinstall|purge', true),
(130, 18, 'key', 'The variables whose values will be used as groups.', 'str', null, true),
(131, 18, 'parents', 'The list of the parent groups.', 'list', null, false),
(132, 19, 'connect_timeout', 'Maximum number of seconds to wait for a connection to happen before closing and retrying.', 'int', null, false),
(133, 19, 'delay', 'Number of seconds to wait before starting to poll.', 'int', null, false),
(134, 19, 'sleep', 'Number of seconds to sleep between checks.', 'int', null, false),
(135, 19, 'timeout', 'Maximum number of seconds to wait for.', 'int', null, false),
(136, 20, 'allow_downgrade_to_insecure', 'Allow downgrading a package that was previously authenticated but is no longer authenticated', 'bool', null, false),
(137, 20, 'allow_insecure', 'Allow insecure repositories', 'bool', null, false),
(138, 20, 'allow_weak', 'Allow repositories signed with a key using a weak digest algorithm', 'bool', null, false),
(139, 20, 'architectures', 'Architectures to search within repository', 'list', null, false),
(140, 20, 'by_hash', 'Controls if APT should try to acquire indexes via a URI constructed from a hashsum of the expected file instead of using the well-known stable filename of the index.', 'bool', null, false),
(141, 20, 'check_date', 'Controls if APT should consider the machines time correct and hence perform time related checks, such as verifying that a Release file is not from the future.', 'bool', null, false),
(142, 20, 'check_valid_until', 'Controls if APT should try to detect replay attacks.', 'bool', null, false),
(143, 20, 'components', 'Components specify different sections of one distribution version present in a Suite.', 'list', null, false),
(144, 20, 'date_max_future', 'Controls how far from the future a repository may be.', 'int', null, false),
(145, 20, 'enabled', 'Tells APT whether the source is enabled or not.', 'bool', null, false),
(146, 20, 'inrelease_path', 'Determines the path to the InRelease file, relative to the normal position of an InRelease file.', 'str', null, false),
(147, 20, 'languages', 'Defines which languages information such as translated package descriptions should be downloaded.', 'list', null, false),
(148, 20, 'name', 'Name of the repo. Specifically used for C(X-Repolib-Name) and in naming the repository and signing key files.', 'str', null, true),
(149, 20, 'pdiffs', 'Controls if APT should try to use PDiffs to update old indexes instead of downloading the new indexes entirely', 'bool', null, false),
(150, 20, 'signed_by', 'Either a URL to a GPG key, absolute path to a keyring file, one or more fingerprints of keys either in the C(trusted.gpg) keyring or in the keyrings in the C(trusted.gpg.d/) directory, or an ASCII armored GPG public key block.', 'str', null, false),
(151, 20, 'suites', 'Suite can specify an exact path in relation to the URI(s) provided, in which case the Components: must be omitted and suite must end with a slash C( / ). Alternatively, it may take the form of a distribution version (e.g. a version codename like disco or artful). If the suite does not specify a path, at least one component must be present.', 'list', null, false),
(152, 20, 'targets', 'Defines which download targets apt will try to acquire from this source.', 'list', null, false),
(153, 20, 'trusted', 'Decides if a source is considered trusted or if warnings should be raised before e.g. packages are installed from this source.', 'bool', null, false),
(154, 20, 'types', 'Which types of packages to look for from a given source; either binary C(deb) or source code C(deb-src)', 'list', 'deb|deb-src', false),
(155, 20, 'uris', 'The URIs must specify the base of the Debian distribution archive, from which APT finds the information it needs.', 'list', null, false),
(156, 20, 'mode', 'The octal mode for newly created files in sources.list.d.', 'raw', null, false),
(157, 20, 'state', 'A source string state.', 'str', 'absent|present', false),
(158, 21, 'path', 'The file to modify.', 'path', null, true),
(159, 21, 'state', 'Whether the block should be there or not.', 'str', 'absent|present', false),
(160, 21, 'marker', 'The marker line template.', 'str', null, false),
(161, 21, 'block', 'The text to insert inside the marker lines.', 'str', null, false),
(162, 21, 'insertafter', 'If specified and no begin/ending C(marker) lines are found, the block will be inserted after the last match of specified regular expression.', 'str', 'EOF|*regex*', false),
(163, 21, 'insertbefore', 'If specified and no begin/ending C(marker) lines are found, the block will be inserted before the last match of specified regular expression.', 'str', 'BOF|*regex*', false),
(164, 21, 'create', 'Create a new file if it does not exist.', 'bool', null, false),
(165, 21, 'backup', 'Create a backup file including the timestamp information so you can get the original file back if you somehow clobbered it incorrectly.', 'bool', null, false),
(166, 21, 'marker_begin', 'This will be inserted at C({mark}) in the opening ansible block marker.', 'str', null, false),
(167, 21, 'marker_end', 'This will be inserted at C({mark}) in the closing ansible block marker.', 'str', null, true),
(168, 21, 'mode', 'The permissions the resulting filesystem object should have.', 'raw', null, false),
(169, 21, 'owner', 'Name of the user that should own the filesystem object, as would be fed to I(chown).', 'str', null, false),
(170, 21, 'group', 'Name of the group that should own the filesystem object, as would be fed to I(chown).', 'str', null, false),
(171, 21, 'seuser', 'The user part of the SELinux filesystem object context.', 'str', null, false),
(172, 21, 'serole', 'The role part of the SELinux filesystem object context.', 'str', null, false),
(173, 21, 'setype', 'The type part of the SELinux filesystem object context.', 'str', null, false),
(174, 21, 'selevel', 'The level part of the SELinux filesystem object context.', 'str', null, false),
(175, 21, 'unsafe_writes', 'Influence when to use atomic operation to prevent data corruption or inconsistent reads from the target filesystem object.', 'bool', null, false),
(176, 21, 'attributes', 'The attributes the resulting filesystem object should have.', 'str', null, false),
(177, 21, 'validate', 'The validation command to run before copying the updated file into the final destination.', 'str', null, false),
(178, 22, 'database', 'The name of a getent database supported by the target system (passwd, group, hosts, etc).', 'str', null, true),
(179, 22, 'key', 'Key from which to return values from the specified database, otherwise the full contents are returned.', 'str', null, false),
(180, 22, 'service', 'Override all databases with the specified service', 'str', null, false),
(181, 22, 'split', 'Character used to split the database values into lists/arrays such as C(:) or C(\t), otherwise it will try to pick one depending on the database.', 'str', null, false),
(182, 22, 'fail_key', 'If a supplied key is missing this will make the task fail if C(true).', 'bool', null, false),
(183, 23, 'name', 'The name of a Python library to install or the url(bzr+,hg+,git+,svn+) of the remote package.', 'list', null, false),
(184, 23, 'version', 'The version number to install of the Python library specified in the I(name) parameter.', 'str', null, false),
(185, 23, 'requirements', 'The path to a pip requirements file, which should be local to the remote system. File can be specified as a relative path if using the chdir option.', 'str', null, false),
(186, 23, 'virtualenv', 'An optional path to a I(virtualenv) directory to install into. It cannot be specified together with the executable parameter (added in 2.1). If the virtualenv does not exist, it will be created before installing packages. The optional virtualenv_site_packages, virtualenv_command, and virtualenv_python options affect the creation of the virtualenv.', 'path', null, false),
(187, 23, 'virtualenv_site_packages', 'Whether the virtual environment will inherit packages from the global site-packages directory.  Note that if this setting is changed on an already existing virtual environment it will not have any effect, the environment must be deleted and newly created.', 'bool', null, false),
(188, 23, 'virtualenv_command', 'The command or a pathname to the command to create the virtual environment with. For example C(pyvenv), C(virtualenv), C(virtualenv2), C(~/bin/virtualenv), C(/usr/local/bin/virtualenv).', 'path', null, false),
(189, 23, 'virtualenv_python', 'The Python executable used for creating the virtual environment. For example C(python3.5), C(python2.7). When not specified, the Python version used to run the ansible module is used. This parameter should not be used when C(virtualenv_command) is using C(pyvenv) or the C(-m venv) module.', 'str', null, false),
(190, 23, 'state', 'The state of module', 'str', 'absent|forcereinstall|latest|present', false),
(191, 23, 'extra_args', 'Extra arguments passed to pip.', 'str', null, false),
(192, 23, 'editable', 'Pass the editable flag.', 'bool', null, false),
(193, 23, 'chdir', 'cd into this directory before running the command', 'path', null, false),
(194, 23, 'executable', 'The explicit executable or pathname for the pip executable, if different from the Ansible Python interpreter. For example C(pip3.3), if there are both Python 2.7 and 3.3 installations in the system and you want to run pip for the Python 3.3 installation.', 'path', null, false),
(195, 23, 'umask', 'The system umask to apply before installing the pip package. This is useful, for example, when installing on systems that have a very restrictive umask by default (e.g., "0077") and you want to pip install packages which are to be used by all users. Note that this requires you to specify desired umask mode as an octal string, (e.g., "0022").', 'str', null, false),
(196, 24, 'src', 'If C(remote_src=no) (default), local path to archive file to copy to the target server; can be absolute or relative. If C(remote_src=yes), path on the target server to existing archive file to unpack.', 'path', null, true),
(197, 24, 'dest', 'Remote absolute path where the archive should be unpacked.', 'path', null, true),
(198, 24, 'copy', 'If true, the file is copied from local controller to the managed (remote) node, otherwise, the plugin will look for src archive on the managed machine.', 'bool', null, false),
(199, 24, 'creates', 'If the specified absolute path (file or directory) already exists, this step will B(not) be run.', 'path', null, false),
(200, 24, 'io_buffer_size', 'Size of the volatile memory buffer that is used for extracting files from the archive in bytes.', 'int', null, false),
(201, 24, 'list_files', 'If set to True, return the list of files that are contained in the tarball.', 'bool', null, false),
(202, 24, 'exclude', 'List the directory and file entries that you would like to exclude from the unarchive action.', 'list', null, false),
(203, 24, 'include', 'List of directory and file entries that you would like to extract from the archive. If C(include) is not empty, only files listed here will be extracted.', 'list', null, false),
(204, 24, 'keep_newer', 'Do not replace existing files that are newer than files from the archive.', 'bool', null, false),
(205, 24, 'extra_opts', 'Specify additional options by passing in an array.', 'list', null, false),
(206, 24, 'remote_src', 'Set to C(true) to indicate the archived file is already on the remote system and not local to the Ansible controller.', 'bool', null, false),
(207, 24, 'validate_certs', 'This only applies if using a https URL as the source of the file.', 'bool', null, false),
(208, 24, 'decrypt', 'This option controls the autodecryption of source files using vault.', 'bool', null, false),
(209, 24, 'mode', 'The permissions the resulting filesystem object should have.', 'raw', null, false),
(210, 24, 'owner', 'Name of the user that should own the filesystem object, as would be fed to I(chown).', 'str', null, false),
(211, 24, 'group', 'Name of the group that should own the filesystem object, as would be fed to I(chown).', 'str', null, false),
(212, 24, 'seuser', 'The user part of the SELinux filesystem object context.', 'str', null, false),
(213, 24, 'serole', 'The role part of the SELinux filesystem object context.', 'str', null, false),
(214, 24, 'setype', 'The type part of the SELinux filesystem object context.', 'str', null, false),
(215, 24, 'selevel', 'The level part of the SELinux filesystem object context.', 'str', null, false),
(216, 24, 'unsafe_writes', 'Influence when to use atomic operation to prevent data corruption or inconsistent reads from the target filesystem object.', 'bool', null, false),
(217, 24, 'attributes', 'The attributes the resulting filesystem object should have.', 'str', null, false),
(218, 25, 'free-form', 'Specifies the name of the imported file directly without any other option C(- import_tasks: file.yml).
', null, null, false),
(219, 25, 'file', 'Specifies the name of the file that lists tasks to add to the current playbook.', 'str', null, false),
(220, 26, 'repo', 'git, SSH, or HTTP(S) protocol address of the git repository.', 'str', null, true),
(221, 26, 'dest', 'The path of where the repository should be checked out. This is equivalent to C(git clone [repo_url] [directory]). The repository named in I(repo) is not appended to this path and the destination directory must be empty. This parameter is required, unless I(clone) is set to C(false).', 'path', null, true),
(222, 26, 'version', 'What version of the repository to check out. This can be the literal string C(HEAD), a branch name, a tag name. It can also be a I(SHA-1) hash, in which case I(refspec) needs to be specified if the given revision is not already available.', 'str', null, false),
(223, 26, 'accept_hostkey', 'Will ensure or not that "-o StrictHostKeyChecking=no" is present as an ssh option.', 'bool', null, false),
(224, 26, 'accept_newhostkey', 'As of OpenSSH 7.5, "-o StrictHostKeyChecking=accept-new" can be used which is safer and will only accepts host keys which are not present or are the same. if C(true), ensure that "-o StrictHostKeyChecking=accept-new" is present as an ssh option.', 'bool', null, false),
(225, 26, 'ssh_opts', 'Options git will pass to ssh when used as protocol, it works via C(git)s GIT_SSH/GIT_SSH_COMMAND environment variables.', 'str', null, false),
(226, 26, 'key_file', 'Specify an optional private key file path, on the target host, to use for the checkout.', 'path', null, false),
(227, 26, 'reference', 'Reference repository (see "git clone --reference ...").', 'str', null, false),
(228, 26, 'remote', 'Name of the remote.', 'str', null, false),
(229, 26, 'refspec', 'Add an additional refspec to be fetched. If version is set to a I(SHA-1) not reachable from any branch or tag, this option may be necessary to specify the ref containing the I(SHA-1). Uses the same syntax as the C(git fetch) command. An example value could be "refs/meta/config".', 'str', null, false),
(230, 26, 'force', 'If C(true), any modified files in the working repository will be discarded.  Prior to 0.7, this was always C(true) and could not be disabled.  Prior to 1.9, the default was C(true).', 'bool', null, false),
(231, 26, 'depth', 'Create a shallow clone with a history truncated to the specified number or revisions. The minimum possible value is C(1), otherwise ignored. Needs I(git>=1.9.1) to work correctly.', 'int', null, false),
(232, 26, 'clone', 'If C(false), do not clone the repository even if it does not exist locally.', 'bool', null, false),
(233, 26, 'update', 'If C(false), do not retrieve new revisions from the origin repository.', 'bool', null, false),
(234, 26, 'executable', 'Path to git executable to use. If not supplied, the normal mechanism for resolving binary paths will be used.', 'path', null, false),
(235, 26, 'bare', 'If C(true), repository will be created as a bare repo, otherwise it will be a standard repo with a workspace.', 'bool', null, false),
(236, 26, 'umask', 'The umask to set before doing any checkouts, or any other repository maintenance.', 'raw', null, false),
(237, 26, 'recursive', 'If C(false), repository will be cloned without the --recursive option, skipping sub-modules.', 'bool', null, false),
(238, 26, 'single_branch', 'Clone only the history leading to the tip of the specified revision.', 'bool', null, false),
(239, 26, 'track_submodules', 'If C(true), submodules will track the latest commit on their master branch (or other branch specified in .gitmodules).  If C(false), submodules will be kept at the revision specified by the main project. This is equivalent to specifying the --remote flag to git submodule update.', 'bool', null, false),
(240, 26, 'verify_commit', 'If C(true), when cloning or checking out a I(version) verify the signature of a GPG signed commit. This requires git version>=2.1.0 to be installed. The commit MUST be signed and the public key MUST be present in the GPG keyring.', 'bool', null, false),
(241, 26, 'archive', 'Specify archive file path with extension. If specified, creates an archive file of the specified format containing the tree structure for the source tree. Allowed archive formats ["zip", "tar.gz", "tar", "tgz"].', 'path', null, false),
(242, 26, 'archive_prefix', 'Specify a prefix to add to each file path in archive. Requires I(archive) to be specified.', 'str', null, false),
(243, 26, 'separate_git_dir', 'The path to place the cloned repository. If specified, Git repository can be separated from working tree.', 'path', null, false),
(244, 26, 'gpg_whitelist', 'A list of trusted GPG fingerprints to compare to the fingerprint of the GPG-signed commit.', 'list', null, false),
(245, 27, 'gather_subset', 'If supplied, restrict the additional facts collected to the given subset. Possible values: C(all), C(all_ipv4_addresses), C(all_ipv6_addresses), C(apparmor), C(architecture), C(caps), C(chroot),C(cmdline), C(date_time), C(default_ipv4), C(default_ipv6), C(devices), C(distribution), C(distribution_major_version), C(distribution_release), C(distribution_version), C(dns), C(effective_group_ids), C(effective_user_id), C(env), C(facter), C(fips), C(hardware), C(interfaces), C(is_chroot), C(iscsi), C(kernel), C(local), C(lsb), C(machine), C(machine_id), C(mounts), C(network), C(ohai), C(os_family), C(pkg_mgr), C(platform), C(processor), C(processor_cores), C(processor_count), C(python), C(python_version), C(real_user_id), C(selinux), C(service_mgr), C(ssh_host_key_dsa_public), C(ssh_host_key_ecdsa_public), C(ssh_host_key_ed25519_public), C(ssh_host_key_rsa_public), C(ssh_host_pub_keys), C(ssh_pub_keys), C(system), C(system_capabilities), C(system_capabilities_enforced), C(user), C(user_dir), C(user_gecos), C(user_gid), C(user_id), C(user_shell), C(user_uid), C(virtual), C(virtualization_role), C(virtualization_type). Can specify a list of values to specify a larger subset. Values can also be used with an initial C(!) to specify that that specific subset should not be collected.  For instance: C(!hardware,!network,!virtual,!ohai,!facter). If C(!all) is specified then only the min subset is collected. To avoid collecting even the min subset, specify C(!all,!min). To collect only specific facts, use C(!all,!min), and specify the particular fact subsets. Use the filter parameter if you do not want to display some collected facts.', 'list', null, false),
(246, 27, 'gather_timeout', 'Set the default timeout in seconds for individual fact gathering.', 'int', null, false),
(247, 27, 'filter', 'If supplied, only return facts that match one of the shell-style (fnmatch) pattern. An empty list basically means no filter. As of Ansible 2.11, the type has changed from string to list and the default has became an empty list. A simple string is still accepted and works as a single pattern. The behaviour prior to Ansible 2.11 remains.', 'list', null, false),
(248, 27, 'fact_path', 'Path used for local ansible facts (C(*.fact)) - files in this dir will be run (if executable) and their results be added to C(ansible_local) facts. If a file is not executable it is read instead. File/results format can be JSON or INI-format. The default C(fact_path) can be specified in C(ansible.cfg) for when setup is automatically called as part of C(gather_facts). NOTE - For windows clients, the results will be added to a variable named after the local file (without extension suffix), rather than C(ansible_local).', 'path', null, false),
(249, 28, 'path', 'Path to the file being managed.', 'path', null, true),
(250, 28, 'state', 'If C(absent), directories will be recursively deleted, and files or symlinks will be unlinked. In the case of a directory, if C(diff) is declared, you will see the files and folders deleted listed under C(path_contents). Note that C(absent) will not cause C(file) to fail if the C(path) does not exist as the state did not change.', 'str', 'absent|directory|file|hard|link|touch', false),
(251, 28, 'src', 'Path of the file to link to.', 'path', null, false),
(252, 28, 'recurse', 'Recursively set the specified file attributes on directory contents.', 'bool', null, false),
(253, 28, 'force', 'Force the creation of the symlinks in two cases: the source file does not exist (but will appear later); the destination exists and is a file (so, we need to unlink the C(path) file and create symlink to the C(src) file in place of it).
', 'bool', null, false),
(254, 28, 'follow', 'This flag indicates that filesystem links, if they exist, should be followed.', 'bool', null, false),
(255, 28, 'modification_time', 'This parameter indicates the time the files modification time should be set to.', 'str', null, false),
(256, 28, 'modification_time_format', 'When used with C(modification_time), indicates the time format that must be used.', 'str', null, false),
(257, 28, 'access_time', 'This parameter indicates the time the files access time should be set to.', 'str', null, false),
(258, 28, 'access_time_format', 'When used with C(access_time), indicates the time format that must be used.', 'str', null, false),
(259, 28, 'mode', 'The permissions the resulting filesystem object should have.', 'raw', null, false),
(260, 28, 'owner', 'Name of the user that should own the filesystem object, as would be fed to I(chown).', 'str', null, false),
(261, 28, 'group', 'Name of the group that should own the filesystem object, as would be fed to I(chown).', 'str', null, false),
(262, 28, 'seuser', 'The user part of the SELinux filesystem object context.', 'str', null, false),
(263, 28, 'serole', 'The role part of the SELinux filesystem object context.', 'str', null, false),
(264, 28, 'setype', 'The type part of the SELinux filesystem object context.', 'str', null, false),
(265, 28, 'selevel', 'The level part of the SELinux filesystem object context.', 'str', null, false),
(266, 28, 'unsafe_writes', 'Influence when to use atomic operation to prevent data corruption or inconsistent reads from the target filesystem object.', 'bool', null, false),
(267, 28, 'attributes', 'The attributes the resulting filesystem object should have.', 'str', null, false),
(268, 29, 'name', 'A package name or package specifier with version, like C(name-1.0). When using state=latest, this can be * which means run: dnf -y update. You can also pass a url or a local path to a rpm file. To operate on several packages this can accept a comma separated string of packages or a list of packages.', 'list', null, false),
(269, 29, 'list', 'Various (non-idempotent) commands for usage with C(/usr/bin/ansible) and I(not) playbooks. Use M(ansible.builtin.package_facts) instead of the C(list) argument as a best practice.', 'str', null, false),
(270, 29, 'state', 'Whether to install (C(present), C(latest)), or remove (C(absent)) a package.', 'str', 'absent|present|installed|removed|latest', false),
(271, 29, 'enablerepo', 'I(Repoid) of repositories to enable for the install/update operation. These repos will not persist beyond the transaction. When specifying multiple repos, separate them with a ",".', 'list', null, false),
(272, 29, 'disablerepo', 'I(Repoid) of repositories to disable for the install/update operation. These repos will not persist beyond the transaction. When specifying multiple repos, separate them with a ",".', 'list', null, false),
(273, 29, 'conf_file', 'The remote dnf configuration file to use for the transaction.', 'str', null, false),
(274, 29, 'disable_gpg_check', 'Whether to disable the GPG checking of signatures of packages being installed. Has an effect only if state is I(present) or I(latest).', 'bool', null, false),
(275, 29, 'installroot', 'Specifies an alternative installroot, relative to which all packages will be installed.', 'str', null, false),
(276, 29, 'releasever', 'Specifies an alternative release from which all packages will be installed.', 'str', null, false),
(277, 29, 'autoremove', 'If C(true), removes all "leaf" packages from the system that were originally installed as dependencies of user-installed packages but which are no longer required by any such package. Should be used alone or when state is I(absent)', 'bool', null, false),
(278, 29, 'exclude', 'Package name(s) to exclude when state=present, or latest. This can be a list or a comma separated string.', 'list', null, false),
(279, 29, 'skip_broken', 'Skip all unavailable packages or packages with broken dependencies without raising an error. Equivalent to passing the --skip-broken option.', 'bool', null, false),
(280, 29, 'update_cache', 'Force dnf to check if cache is out of date and redownload if needed. Has an effect only if state is I(present) or I(latest).', 'bool', null, false),
(281, 29, 'update_only', 'When using latest, only update installed packages. Do not install packages.', 'bool', null, false),
(282, 29, 'security', 'If set to C(true), and C(state=latest) then only installs updates that have been marked security related.', 'bool', null, false),
(283, 29, 'bugfix', 'If set to C(true), and C(state=latest) then only installs updates that have been marked bugfix related.', 'bool', null, false),
(284, 29, 'enable_plugin', 'This is currently a no-op as dnf5 itself does not implement this feature.', 'list', null, false),
(285, 29, 'disable_plugin', 'This is currently a no-op as dnf5 itself does not implement this feature.', 'list', null, false),
(286, 29, 'disable_excludes', 'Disable the excludes defined in DNF config files.', 'str', null, false),
(287, 29, 'validate_certs', 'This is effectively a no-op in the dnf5 module as dnf5 itself handles downloading a https url as the source of the rpm, but is an accepted parameter for feature parity/compatibility with the I(yum) module.', 'bool', null, false),
(288, 29, 'sslverify', 'Disables SSL validation of the repository server for this transaction.', 'bool', null, false),
(289, 29, 'allow_downgrade', 'Specify if the named package and version is allowed to downgrade a maybe already installed higher version of that package. Note that setting allow_downgrade=True can make this module behave in a non-idempotent way. The task could end up with a set of packages that does not match the complete list of specified packages to install (because dependencies between the downgraded package and others can cause changes to the packages which were in the earlier transaction).', 'bool', null, false),
(290, 29, 'install_repoquery', 'This is effectively a no-op in DNF as it is not needed with DNF, but is an accepted parameter for feature parity/compatibility with the I(yum) module.', 'bool', null, false),
(291, 29, 'download_only', 'Only download the packages, do not install them.', 'bool', null, false),
(292, 29, 'lock_timeout', 'This is currently a no-op as dnf5 does not provide an option to configure it.', 'int', null, true),
(293, 29, 'install_weak_deps', 'Will also install all packages linked by a weak dependency relation.', 'bool', null, false),
(294, 29, 'download_dir', 'Specifies an alternate directory to store packages.', 'str', null, false),
(295, 29, 'allowerasing', 'If C(true) it allows  erasing  of  installed  packages to resolve dependencies.', 'bool', null, true),
(296, 29, 'nobest', 'Set best option to False, so that transactions are not limited to best candidates only.', 'bool', null, true),
(297, 29, 'cacheonly', 'This is currently no-op as dnf5 does not implement the feature.', 'bool', null, false),
(298, 30, 'state', 'Whether to create file or directory.', 'str', 'directory|file', false),
(299, 30, 'path', 'Location where temporary file or directory should be created.', 'path', null, false),
(300, 30, 'prefix', 'Prefix of file/directory name created by module.', 'str', null, false),
(301, 30, 'suffix', 'Suffix of file/directory name created by module.', 'str', null, false),
(302, 31, 'key_value', 'The C(set_fact) module takes C(key=value) pairs or C(key: value) (YAML notation) as variables to set in the playbook scope. The key is the resulting variable name and the value is, of course, the value of said variable.', null, null, true),
(303, 31, 'cacheable', 'This boolean converts the variable into an actual fact which will also be added to the fact cache. It does not enable fact caching across runs, it just means it will work with it if already enabled.', 'bool', null, false),
(304, 32, 'src', 'The file on the remote system to fetch. This I(must) be a file, not a directory.', 'path', null, true),
(305, 33, 'free_form', 'This module takes a free form command, as a string. There is not an actual option named "free form".  See the examples!', null, 'clear_facts|clear_host_errors|end_host|end_play|flush_handlers|noop|refresh_inventory|reset_connection|end_batch', true),
(306, 34, 'table', 'This option specifies the packet matching table which the command should operate on.', 'str', 'filter|nat|mangle|raw|security', false),
(307, 34, 'state', 'Whether the rule should be absent or present.', 'str', 'absent|present', false),
(308, 34, 'action', 'Whether the rule should be appended at the bottom or inserted at the top.', 'str', 'append|insert', false),
(309, 34, 'rule_num', 'Insert the rule as the given rule number.', 'str', null, false),
(310, 34, 'ip_version', 'Which version of the IP protocol this rule should apply to.', 'str', 'ipv4|ipv6', false),
(311, 34, 'chain', 'Specify the iptables chain to modify.', 'str', null, false),
(312, 34, 'protocol', 'The protocol of the rule or of the packet to check.', 'str', null, false),
(313, 34, 'source', 'Source specification.', 'str', null, false),
(314, 34, 'destination', 'Destination specification.', 'str', null, false),
(315, 34, 'tcp_flags', 'TCP flags specification.', 'dict', null, false),
(316, 34, 'match', 'Specifies a match to use, that is, an extension module that tests for a specific property.', 'list', null, false),
(317, 34, 'jump', 'This specifies the target of the rule; i.e., what to do if the packet matches it.', 'str', null, false),
(318, 34, 'gateway', 'This specifies the IP address of host to send the cloned packets.', 'str', null, false),
(319, 34, 'log_prefix', 'Specifies a log text for the rule. Only make sense with a LOG jump.', 'str', null, false),
(320, 34, 'log_level', 'Logging level according to the syslogd-defined priorities.', 'str', '0|1|2|3|4|5|6|7|emerg|alert|crit|error|warning|notice|info|debug', false),
(321, 34, 'goto', 'This specifies that the processing should continue in a user specified chain.', 'str', null, false),
(322, 34, 'in_interface', 'Name of an interface via which a packet was received (only for packets entering the C(INPUT), C(FORWARD) and C(PREROUTING) chains).', 'str', null, false),
(323, 34, 'out_interface', 'Name of an interface via which a packet is going to be sent (for packets entering the C(FORWARD), C(OUTPUT) and C(POSTROUTING) chains).', 'str', null, false),
(324, 34, 'fragment', 'This means that the rule only refers to second and further fragments of fragmented packets.', 'str', null, false),
(325, 34, 'set_counters', 'This enables the administrator to initialize the packet and byte counters of a rule (during C(INSERT), C(APPEND), C(REPLACE) operations).', 'str', null, false),
(326, 34, 'source_port', 'Source port or port range specification.', 'str', null, false),
(327, 34, 'destination_port', 'Destination port or port range specification. This can either be a service name or a port number. An inclusive range can also be specified, using the format first:last. If the first port is omitted, 0 is assumed; if the last is omitted, 65535 is assumed. If the first port is greater than the second one they will be swapped. This is only valid if the rule also specifies one of the following protocols: tcp, udp, dccp or sctp.', 'str', null, false),
(328, 34, 'destination_ports', 'This specifies multiple destination port numbers or port ranges to match in the multiport module.', 'list', null, false),
(329, 34, 'to_ports', 'This specifies a destination port or range of ports to use, without this, the destination port is never altered.', 'str', null, false),
(330, 34, 'to_destination', 'This specifies a destination address to use with C(DNAT).', 'str', null, false),
(331, 34, 'to_source', 'This specifies a source address to use with C(SNAT).', 'str', null, false),
(332, 34, 'syn', 'This allows matching packets that have the SYN bit set and the ACK and RST bits unset.', 'str', 'ignore|match|negate', false),
(333, 34, 'set_dscp_mark', 'This allows specifying a DSCP mark to be added to packets. It takes either an integer or hex value.', 'str', null, false),
(334, 34, 'set_dscp_mark_class', 'This allows specifying a predefined DiffServ class which will be translated to the corresponding DSCP mark.', 'str', null, false),
(335, 34, 'comment', 'This specifies a comment that will be added to the rule.', 'str', null, false),
(336, 34, 'ctstate', 'A list of the connection states to match in the conntrack module.', 'list', null, false),
(337, 34, 'src_range', 'Specifies the source IP range to match in the iprange module.', 'str', null, false),
(338, 34, 'dst_range', 'Specifies the destination IP range to match in the iprange module.', 'str', null, false),
(339, 34, 'match_set', 'Specifies a set name which can be defined by ipset.', 'str', null, false),
(340, 34, 'match_set_flags', 'Specifies the necessary flags for the match_set parameter.', 'str', 'src|dst|src,dst|dst,src', false),
(341, 34, 'limit', 'Specifies the maximum average number of matches to allow per second.', 'str', null, false),
(342, 34, 'limit_burst', 'Specifies the maximum burst before the above limit kicks in.', 'str', null, false),
(343, 34, 'uid_owner', 'Specifies the UID or username to use in match by owner rule.', 'str', null, false),
(344, 34, 'gid_owner', 'Specifies the GID or group to use in match by owner rule.', 'str', null, false),
(345, 34, 'reject_with', 'Specifies the error packet type to return while rejecting. It implies "jump: REJECT".', 'str', null, false),
(346, 34, 'icmp_type', 'This allows specification of the ICMP type, which can be a numeric ICMP type, type/code pair, or one of the ICMP type names shown by the command iptables -p icmp -h', 'str', null, false),
(347, 34, 'flush', 'Flushes the specified table and chain of all rules.', 'bool', null, false),
(348, 34, 'policy', 'Set the policy for the chain to the given target.', 'str', 'ACCEPT|DROP|QUEUE|RETURN', false),
(349, 34, 'wait', 'Wait N seconds for the xtables lock to prevent multiple instances of the program from running concurrently.', 'str', null, false),
(350, 34, 'chain_management', 'If C(true) and C(state) is C(present), the chain will be created if needed.', 'bool', null, false),
(351, 34, 'numeric', 'This parameter controls the running of the list -action of iptables, which is used internally by the module', 'bool', null, false),
(352, 35, 'src', 'Local path to a file to copy to the remote server.', 'path', null, false),
(353, 35, 'content', 'When used instead of C(src), sets the contents of a file directly to the specified value.', 'str', null, false),
(354, 35, 'dest', 'Remote absolute path where the file should be copied to.', 'path', null, true),
(355, 35, 'backup', 'Create a backup file including the timestamp information so you can get the original file back if you somehow clobbered it incorrectly.', 'bool', null, false),
(356, 35, 'force', 'Influence whether the remote file must always be replaced.', 'bool', null, false),
(357, 35, 'mode', 'The permissions of the destination file or directory.', 'raw', null, false),
(358, 35, 'directory_mode', 'When doing a recursive copy set the mode for the directories.', 'raw', null, false),
(359, 35, 'remote_src', 'Influence whether C(src) needs to be transferred or already is present remotely.', 'bool', null, false),
(360, 35, 'follow', 'This flag indicates that filesystem links in the destination, if they exist, should be followed.', 'bool', null, false),
(361, 35, 'local_follow', 'This flag indicates that filesystem links in the source tree, if they exist, should be followed.', 'bool', null, false),
(362, 35, 'checksum', 'SHA1 checksum of the file being transferred.', 'str', null, false),
(363, 35, 'decrypt', 'This option controls the autodecryption of source files using vault.', 'bool', null, false),
(364, 35, 'owner', 'Name of the user that should own the filesystem object, as would be fed to I(chown).', 'str', null, false),
(365, 35, 'group', 'Name of the group that should own the filesystem object, as would be fed to I(chown).', 'str', null, false),
(366, 35, 'seuser', 'The user part of the SELinux filesystem object context.', 'str', null, false),
(367, 35, 'serole', 'The role part of the SELinux filesystem object context.', 'str', null, false),
(368, 35, 'setype', 'The type part of the SELinux filesystem object context.', 'str', null, false),
(369, 35, 'selevel', 'The level part of the SELinux filesystem object context.', 'str', null, false),
(370, 35, 'unsafe_writes', 'Influence when to use atomic operation to prevent data corruption or inconsistent reads from the target filesystem object.', 'bool', null, false),
(371, 35, 'attributes', 'The attributes the resulting filesystem object should have.', 'str', null, false),
(372, 35, 'validate', 'The validation command to run before copying the updated file into the final destination.', 'str', null, false),
(373, 36, 'free_form', 'The command module takes a free form string as a command to run.', null, null, false),
(374, 36, 'cmd', 'The command to run.', 'str', null, false),
(375, 36, 'argv', 'Passes the command as a list rather than a string.', 'list', null, false),
(376, 36, 'creates', 'A filename or (since 2.0) glob pattern. If a matching file already exists, this step B(will not) be run.', 'path', null, false),
(377, 36, 'removes', 'A filename or (since 2.0) glob pattern. If a matching file exists, this step B(will) be run.', 'path', null, false),
(378, 36, 'chdir', 'Change into this directory before running the command.', 'path', null, false),
(379, 36, 'stdin', 'Set the stdin of the command directly to the specified value.', 'str', null, false),
(380, 36, 'stdin_add_newline', 'If set to C(true), append a newline to stdin data.', 'bool', null, false),
(381, 36, 'strip_empty_ends', 'Strip empty lines from the end of stdout/stderr in result.', 'bool', null, false),
(382, 37, 'age', 'Select files whose age is equal to or greater than the specified time.', 'str', null, false),
(383, 37, 'patterns', 'One or more (shell or regex) patterns, which type is controlled by C(use_regex) option.', 'list', null, false),
(384, 37, 'excludes', 'One or more (shell or regex) patterns, which type is controlled by I(use_regex) option.', 'list', null, false),
(385, 37, 'contains', 'A regular expression or pattern which should be matched against the file content.', 'str', null, false),
(386, 37, 'read_whole_file', 'When doing a C(contains) search, determines whether the whole file should be read into memory or if the regex should be applied to the file line-by-line.', 'bool', null, false),
(387, 37, 'paths', 'List of paths of directories to search. All paths must be fully qualified.', 'list', null, true),
(388, 37, 'file_type', 'Type of file to select.', 'str', 'any|directory|file|link', false),
(389, 37, 'recurse', 'If target is a directory, recursively descend into the directory looking for files.', 'bool', null, false),
(390, 37, 'size', 'Select files whose size is equal to or greater than the specified size.', 'str', null, false),
(391, 37, 'age_stamp', 'Choose the file property against which we compare age.', 'str', 'atime|ctime|mtime', false),
(392, 37, 'hidden', 'Set this to C(true) to include hidden files, otherwise they will be ignored.', 'bool', null, false),
(393, 37, 'follow', 'Set this to C(true) to follow symlinks in path for systems with python 2.6+.', 'bool', null, false),
(394, 37, 'get_checksum', 'Set this to C(true) to retrieve a files SHA1 checksum.', 'bool', null, false),
(395, 37, 'use_regex', 'If C(false), the patterns are file globs (shell).', 'bool', null, false),
(396, 37, 'depth', 'Set the maximum number of levels to descend into.', 'int', null, false),
(397, 38, 'free-form', 'This module allows you to specify the name of the file directly without any other options.', null, null, false),
(398, 39, 'manager', 'The package manager used by the system so we can query the package information.', 'list', 'auto|rpm|apt|portage|pkg|pacman|apk|pkg_info', false),
(399, 39, 'strategy', 'This option controls how the module queries the package managers on the system. C(first) means it will return only information for the first supported package manager available. C(all) will return information for all supported and available package managers on the system.', 'str', 'first|all', false),
(400, 40, 'use_backend', 'By default, this module will select the backend based on the C(ansible_pkg_mgr) fact.', 'str', 'auto|dnf4|dnf5', false),
(401, 40, 'name', 'A package name or package specifier with version, like C(name-1.0). When using state=latest, this can be * which means run: dnf -y update. You can also pass a url or a local path to a rpm file. To operate on several packages this can accept a comma separated string of packages or a list of packages.', 'list', null, false),
(402, 40, 'list', 'Various (non-idempotent) commands for usage with C(/usr/bin/ansible) and I(not) playbooks. Use M(ansible.builtin.package_facts) instead of the C(list) argument as a best practice.', 'str', null, false),
(403, 40, 'state', 'Whether to install (C(present), C(latest)), or remove (C(absent)) a package.', 'str', 'absent|present|installed|removed|latest', false),
(404, 40, 'enablerepo', 'I(Repoid) of repositories to enable for the install/update operation. These repos will not persist beyond the transaction. When specifying multiple repos, separate them with a ",".', 'list', null, false),
(405, 40, 'disablerepo', 'I(Repoid) of repositories to disable for the install/update operation. These repos will not persist beyond the transaction. When specifying multiple repos, separate them with a ",".', 'list', null, false),
(406, 40, 'conf_file', 'The remote dnf configuration file to use for the transaction.', 'str', null, false),
(407, 40, 'disable_gpg_check', 'Whether to disable the GPG checking of signatures of packages being installed. Has an effect only if state is I(present) or I(latest).', 'bool', null, false),
(408, 40, 'installroot', 'Specifies an alternative installroot, relative to which all packages will be installed.', 'str', null, false),
(409, 40, 'releasever', 'Specifies an alternative release from which all packages will be installed.', 'str', null, false),
(410, 40, 'autoremove', 'If C(true), removes all "leaf" packages from the system that were originally installed as dependencies of user-installed packages but which are no longer required by any such package. Should be used alone or when state is I(absent)', 'bool', null, false),
(411, 40, 'exclude', 'Package name(s) to exclude when state=present, or latest. This can be a list or a comma separated string.', 'list', null, false),
(412, 40, 'skip_broken', 'Skip all unavailable packages or packages with broken dependencies without raising an error. Equivalent to passing the --skip-broken option.', 'bool', null, false),
(413, 40, 'update_cache', 'Force dnf to check if cache is out of date and redownload if needed. Has an effect only if state is I(present) or I(latest).', 'bool', null, false),
(414, 40, 'update_only', 'When using latest, only update installed packages. Do not install packages.', 'bool', null, false),
(415, 40, 'security', 'If set to C(true), and C(state=latest) then only installs updates that have been marked security related.', 'bool', null, false),
(416, 40, 'bugfix', 'If set to C(true), and C(state=latest) then only installs updates that have been marked bugfix related.', 'bool', null, false),
(417, 40, 'enable_plugin', 'I(Plugin) name to enable for the install/update operation. The enabled plugin will not persist beyond the transaction.', 'list', null, false),
(418, 40, 'disable_plugin', 'I(Plugin) name to disable for the install/update operation. The disabled plugins will not persist beyond the transaction.', 'list', null, false),
(419, 40, 'disable_excludes', 'Disable the excludes defined in DNF config files.', 'str', null, false),
(420, 40, 'validate_certs', 'This only applies if using a https url as the source of the rpm. e.g. for localinstall. If set to C(false), the SSL certificates will not be validated.', 'bool', null, false),
(421, 40, 'sslverify', 'Disables SSL validation of the repository server for this transaction.', 'bool', null, false),
(422, 40, 'allow_downgrade', 'Specify if the named package and version is allowed to downgrade a maybe already installed higher version of that package. Note that setting allow_downgrade=True can make this module behave in a non-idempotent way. The task could end up with a set of packages that does not match the complete list of specified packages to install (because dependencies between the downgraded package and others can cause changes to the packages which were in the earlier transaction).', 'bool', null, false),
(423, 40, 'install_repoquery', 'This is effectively a no-op in DNF as it is not needed with DNF, but is an accepted parameter for feature parity/compatibility with the I(yum) module.', 'bool', null, false),
(424, 40, 'download_only', 'Only download the packages, do not install them.', 'bool', null, false),
(425, 40, 'lock_timeout', 'Amount of time to wait for the dnf lockfile to be freed.', 'int', null, true),
(426, 40, 'install_weak_deps', 'Will also install all packages linked by a weak dependency relation.', 'bool', null, false),
(427, 40, 'download_dir', 'Specifies an alternate directory to store packages.', 'str', null, false),
(428, 40, 'allowerasing', 'If C(true) it allows  erasing  of  installed  packages to resolve dependencies.', 'bool', null, true),
(429, 40, 'nobest', 'Set best option to False, so that transactions are not limited to best candidates only.', 'bool', null, true),
(430, 40, 'cacheonly', 'Tells dnf to run entirely from system cache; does not download or update metadata.', 'bool', null, false),
(431, 41, 'id', 'The identifier of the key.', 'str', null, false),
(432, 41, 'data', 'The keyfile contents to add to the keyring.', 'str', null, false),
(433, 41, 'file', 'The path to a keyfile on the remote server to add to the keyring.', 'path', null, false),
(434, 41, 'keyring', 'The full path to specific keyring file in C(/etc/apt/trusted.gpg.d/).', 'path', null, false),
(435, 41, 'url', 'The URL to retrieve key from.', 'str', null, false),
(436, 41, 'keyserver', 'The keyserver to retrieve key from.', 'str', null, false),
(437, 41, 'state', 'Ensures that the key is present (added) or absent (revoked).', 'str', 'absent|present', false),
(438, 41, 'validate_certs', 'If C(false), SSL certificates for the target url will not be validated. This should only be used on personally controlled sites using self-signed certificates.', 'bool', null, false),
(439, 42, 'name', 'Name of package to configure.', 'str', null, true),
(440, 42, 'question', 'A debconf configuration setting.', 'str', null, false),
(441, 42, 'vtype', 'The type of the value supplied.', 'str', 'boolean|error|multiselect|note|password|seen|select|string|text|title', false),
(442, 42, 'value', 'Value to set the configuration to.', 'str', null, false),
(443, 42, 'unseen', 'Do not set seen flag when pre-seeding.', 'bool', null, false),
(444, 43, 'name', 'Name of the group to manage.', 'str', null, true),
(445, 43, 'gid', 'Optional I(GID) to set for the group.', 'int', null, false),
(446, 43, 'state', 'Whether the group should be present or not on the remote host.', 'str', 'absent|present', false),
(447, 43, 'force', 'Whether to delete a group even if it is the primary group of a user.', 'bool', null, false),
(448, 43, 'system', 'If I(yes), indicates that the group created is a system group.', 'bool', null, false),
(449, 43, 'local', 'Forces the use of "local" command alternatives on platforms that implement it.', 'bool', null, false),
(450, 43, 'non_unique', 'This option allows to change the group ID to a non-unique value. Requires C(gid).', 'bool', null, false),
(451, 44, 'repo', 'The subversion URL to the repository.', 'str', null, true),
(452, 44, 'dest', 'Absolute path where the repository should be deployed.', 'path', null, false),
(453, 44, 'revision', 'Specific revision to checkout.', 'str', null, false),
(454, 44, 'force', 'If C(true), modified files will be discarded. If C(false), module will fail if it encounters modified files. Prior to 1.9 the default was C(true).', 'bool', null, false),
(455, 44, 'in_place', 'If the directory exists, then the working copy will be checked-out over-the-top using svn checkout --force; if force is specified then existing files with different content are reverted.', 'bool', null, false),
(456, 44, 'username', 'C(--username) parameter passed to svn.', 'str', null, false),
(457, 44, 'password', 'C(--password) parameter passed to svn when svn is less than version 1.10.0. This is not secure and the password will be leaked to argv.', 'str', null, false),
(458, 44, 'executable', 'Path to svn executable to use. If not supplied, the normal mechanism for resolving binary paths will be used.', 'path', null, false),
(459, 44, 'checkout', 'If C(false), do not check out the repository if it does not exist locally.', 'bool', null, false),
(460, 44, 'update', 'If C(false), do not retrieve new revisions from the origin repository.', 'bool', null, false),
(461, 44, 'export', 'If C(true), do export instead of checkout/update.', 'bool', null, false),
(462, 44, 'switch', 'If C(false), do not call svn switch before update.', 'bool', null, false),
(463, 44, 'validate_certs', 'If C(false), passes the C(--trust-server-cert) flag to svn.', 'bool', null, false),
(464, 45, 'ciphers', 'SSL/TLS Ciphers to use for the request.', 'list', null, false),
(465, 45, 'decompress', 'Whether to attempt to decompress gzip content-encoded responses', 'bool', null, false),
(466, 45, 'url', 'HTTP or HTTPS URL in the form (http|https)://host.domain[:port]/path', 'str', null, true),
(467, 45, 'dest', 'A path of where to download the file to (if desired). If I(dest) is a directory, the basename of the file on the remote server will be used.', 'path', null, false),
(468, 45, 'url_username', 'A username for the module to use for Digest, Basic or WSSE authentication.', 'str', null, false),
(469, 45, 'url_password', 'A password for the module to use for Digest, Basic or WSSE authentication.', 'str', null, false),
(470, 45, 'body', 'The body of the http request/response to the web service. If C(body_format) is set to json it will take an already formatted JSON string or convert a data structure into JSON.', 'raw', null, false),
(471, 45, 'body_format', 'The serialization format of the body. When set to C(json), C(form-multipart), or C(form-urlencoded), encodes the body argument, if needed, and automatically sets the Content-Type header accordingly.', 'str', 'form-urlencoded|json|raw|form-multipart', false),
(472, 45, 'method', 'The HTTP method of the request or response.', 'str', null, false),
(473, 45, 'return_content', 'Whether or not to return the body of the response as a "content" key in the dictionary result no matter it succeeded or failed.', 'bool', null, false),
(474, 45, 'force_basic_auth', 'Force the sending of the Basic authentication header upon initial request.', 'bool', null, false),
(475, 45, 'follow_redirects', 'Whether or not the URI module should follow redirects. C(all) will follow all redirects. C(safe) will follow only "safe" redirects, where "safe" means that the client is only doing a GET or HEAD on the URI to which it is being redirected. C(none) will not follow any redirects. Note that C(true) and C(false) choices are accepted for backwards compatibility, where C(true) is the equivalent of C(all) and C(false) is the equivalent of C(safe). C(true) and C(false) are deprecated and will be removed in some future version of Ansible.', 'str', 'all|no|none|safe|urllib2|yes', false),
(476, 45, 'creates', 'A filename, when it already exists, this step will not be run.', 'path', null, false),
(477, 45, 'removes', 'A filename, when it does not exist, this step will not be run.', 'path', null, false),
(478, 45, 'status_code', 'A list of valid, numeric, HTTP status codes that signifies success of the request.', 'list', null, false),
(479, 45, 'timeout', 'The socket level timeout in seconds', 'int', null, false),
(480, 45, 'headers', 'Add custom HTTP headers to a request in the format of a YAML hash. As of C(2.3) supplying C(Content-Type) here will override the header generated by supplying C(json) or C(form-urlencoded) for I(body_format).', 'dict', null, false),
(481, 45, 'validate_certs', 'If C(false), SSL certificates will not be validated.', 'bool', null, false),
(482, 45, 'client_cert', 'PEM formatted certificate chain file to be used for SSL client authentication.', 'path', null, false),
(483, 45, 'client_key', 'PEM formatted file that contains your private key to be used for SSL client authentication.', 'path', null, false),
(484, 45, 'ca_path', 'PEM formatted file that contains a CA certificate to be used for validation', 'path', null, false),
(485, 45, 'src', 'Path to file to be submitted to the remote server.', 'path', null, false),
(486, 45, 'remote_src', 'If C(false), the module will search for the C(src) on the controller node.', 'bool', null, false),
(487, 45, 'force', 'If C(true) do not get a cached copy.', 'bool', null, false),
(488, 45, 'use_proxy', 'If C(false), it will not use a proxy, even if one is defined in an environment variable on the target hosts.', 'bool', null, false),
(489, 45, 'unix_socket', 'Path to Unix domain socket to use for connection', 'path', null, false),
(490, 45, 'http_agent', 'Header to identify as, generally appears in web server logs.', 'str', null, false),
(491, 45, 'unredirected_headers', 'A list of header names that will not be sent on subsequent redirected requests. This list is case insensitive. By default all headers will be redirected. In some cases it may be beneficial to list headers such as C(Authorization) here to avoid potential credential exposure.', 'list', null, false),
(492, 45, 'use_gssapi', 'Use GSSAPI to perform the authentication, typically this is for Kerberos or Kerberos through Negotiate authentication.', 'bool', null, false),
(493, 45, 'use_netrc', 'Determining whether to use credentials from ``~/.netrc`` file', 'bool', null, false),
(494, 45, 'mode', 'The permissions the resulting filesystem object should have.', 'raw', null, false),
(495, 45, 'owner', 'Name of the user that should own the filesystem object, as would be fed to I(chown).', 'str', null, false),
(496, 45, 'group', 'Name of the group that should own the filesystem object, as would be fed to I(chown).', 'str', null, false),
(497, 45, 'seuser', 'The user part of the SELinux filesystem object context.', 'str', null, false),
(498, 45, 'serole', 'The role part of the SELinux filesystem object context.', 'str', null, false),
(499, 45, 'setype', 'The type part of the SELinux filesystem object context.', 'str', null, false),
(500, 45, 'selevel', 'The level part of the SELinux filesystem object context.', 'str', null, false),
(501, 45, 'unsafe_writes', 'Influence when to use atomic operation to prevent data corruption or inconsistent reads from the target filesystem object.', 'bool', null, false),
(502, 45, 'attributes', 'The attributes the resulting filesystem object should have.', 'str', null, false),
(503, 46, 'command', 'The command module takes command to run.', 'str', null, true),
(504, 46, 'creates', 'A filename, when it already exists, this step will B(not) be run.', 'path', null, false),
(505, 46, 'removes', 'A filename, when it does not exist, this step will B(not) be run.', 'path', null, false),
(506, 46, 'chdir', 'Change into this directory before running the command.', 'path', null, false),
(507, 46, 'responses', 'Mapping of expected string/regex and string to respond with. If the response is a list, successive matches return successive responses. List functionality is new in 2.1.', 'dict', null, true),
(508, 46, 'timeout', 'Amount of time in seconds to wait for the expected strings. Use C(null) to disable timeout.', 'int', null, false),
(509, 46, 'echo', 'Whether or not to echo out your response strings.', 'bool', null, false),
(510, 47, 'name', 'Name of the service.', 'str', null, true),
(511, 47, 'state', 'C(started)/C(stopped) are idempotent actions that will not run commands unless necessary.', 'str', 'reloaded|restarted|started|stopped', false),
(512, 47, 'sleep', 'If the service is being C(restarted) then sleep this many seconds between the stop and start command.', 'int', null, false),
(513, 47, 'pattern', 'If the service does not respond to the status command, name a substring to look for as would be found in the output of the I(ps) command as a stand-in for a status result.', 'str', null, false),
(514, 47, 'enabled', 'Whether the service should start on boot.', 'bool', null, false),
(515, 47, 'runlevel', 'For OpenRC init scripts (e.g. Gentoo) only.', 'str', null, false),
(516, 47, 'arguments', 'Additional arguments provided on the command line.', 'str', null, false),
(517, 47, 'use', 'The service module actually uses system specific modules, normally through auto detection, this setting can force a specific module.', 'str', null, false),
(518, 48, 'name', 'Name of the unit. This parameter takes the name of exactly one unit to work with.', 'str', null, false),
(519, 48, 'state', 'C(started)/C(stopped) are idempotent actions that will not run commands unless necessary. C(restarted) will always bounce the unit. C(reloaded) will always reload.', 'str', 'reloaded|restarted|started|stopped', false),
(520, 48, 'enabled', 'Whether the unit should start on boot. B(At least one of state and enabled are required.)', 'bool', null, false),
(521, 48, 'force', 'Whether to override existing symlinks.', 'bool', null, false),
(522, 48, 'masked', 'Whether the unit should be masked or not, a masked unit is impossible to start.', 'bool', null, false),
(523, 48, 'daemon_reload', 'Run daemon-reload before doing any other operations, to make sure systemd has read any changes.', 'bool', null, false),
(524, 48, 'daemon_reexec', 'Run daemon_reexec command before doing any other operations, the systemd manager will serialize the manager state.', 'bool', null, false),
(525, 48, 'scope', 'Run systemctl within a given service manager scope, either as the default system scope C(system), the current users scope C(user), or the scope of all users C(global).', 'str', 'system|user|global', false),
(526, 48, 'no_block', 'Do not synchronously wait for the requested operation to finish. Enqueued job will continue without Ansible blocking on its completion.', 'bool', null, false),
(527, 49, 'name', 'Name of the service.', 'str', null, true),
(528, 49, 'state', 'C(started)/C(stopped) are idempotent actions that will not run commands unless necessary. Not all init scripts support C(restarted) nor C(reloaded) natively, so these will both trigger a stop and start as needed.', 'str', 'started|stopped|restarted|reloaded', false),
(529, 49, 'enabled', 'Whether the service should start on boot. B(At least one of state and enabled are required.)', 'bool', null, false),
(530, 49, 'sleep', 'If the service is being C(restarted) or C(reloaded) then sleep this many seconds between the stop and start command. This helps to workaround badly behaving services.', 'int', null, false),
(531, 49, 'pattern', 'A substring to look for as would be found in the output of the I(ps) command as a stand-in for a status result.', 'str', null, false),
(532, 49, 'runlevels', 'The runlevels this script should be enabled/disabled from.', 'list', null, false),
(533, 49, 'arguments', 'Additional arguments provided on the command line that some init scripts accept.', 'str', null, false),
(534, 49, 'daemonize', 'Have the module daemonize as the service itself might not do so properly.', 'bool', null, false),
(535, 50, 'ciphers', 'SSL/TLS Ciphers to use for the request', 'list', null, false),
(536, 50, 'decompress', 'Whether to attempt to decompress gzip content-encoded responses', 'bool', null, false),
(537, 50, 'url', 'HTTP, HTTPS, or FTP URL in the form (http|https|ftp)://[user[:pass]]@host.domain[:port]/path', 'str', null, true),
(538, 50, 'dest', 'Absolute path of where to download the file to.', 'path', null, true),
(539, 50, 'tmp_dest', 'Absolute path of where temporary file is downloaded to.', 'path', null, false),
(540, 50, 'force', 'If C(true) and C(dest) is not a directory, will download the file every time and replace the file if the contents change. If C(false), the file will only be downloaded if the destination does not exist. Generally should be C(true) only for small local files.', 'bool', null, false),
(541, 50, 'backup', 'Create a backup file including the timestamp information so you can get the original file back if you somehow clobbered it incorrectly.', 'bool', null, false),
(542, 50, 'checksum', 'If a checksum is passed to this parameter, the digest of the destination file will be calculated after it is downloaded to ensure its integrity and verify that the transfer completed successfully. Format: <algorithm>:<checksum|url>, e.g. checksum="sha256:D98291AC[...]B6DC7B97", checksum="sha256:http://example.com/path/sha256sum.txt"', 'str', null, false),
(543, 50, 'use_proxy', 'if C(false), it will not use a proxy, even if one is defined in an environment variable on the target hosts.', 'bool', null, false),
(544, 50, 'validate_certs', 'If C(false), SSL certificates will not be validated.', 'bool', null, false),
(545, 50, 'timeout', 'Timeout in seconds for URL request.', 'int', null, false),
(546, 50, 'headers', 'Add custom HTTP headers to a request in hash/dict format.', 'dict', null, false),
(547, 50, 'url_username', 'The username for use in HTTP basic authentication.', 'str', null, false),
(548, 50, 'url_password', 'The password for use in HTTP basic authentication.', 'str', null, false),
(549, 50, 'force_basic_auth', 'Force the sending of the Basic authentication header upon initial request.', 'bool', null, false),
(550, 50, 'client_cert', 'PEM formatted certificate chain file to be used for SSL client authentication.', 'path', null, false),
(551, 50, 'client_key', 'PEM formatted file that contains your private key to be used for SSL client authentication.', 'path', null, false),
(552, 50, 'http_agent', 'Header to identify as, generally appears in web server logs.', 'str', null, false),
(553, 50, 'unredirected_headers', 'A list of header names that will not be sent on subsequent redirected requests. This list is case insensitive. By default all headers will be redirected. In some cases it may be beneficial to list headers such as C(Authorization) here to avoid potential credential exposure.', 'list', null, false),
(554, 50, 'use_gssapi', 'Use GSSAPI to perform the authentication, typically this is for Kerberos or Kerberos through Negotiate authentication.', 'bool', null, false),
(555, 50, 'use_netrc', 'Determining whether to use credentials from ``~/.netrc`` file', 'bool', null, false),
(556, 50, 'mode', 'The permissions the resulting filesystem object should have.', 'raw', null, false),
(557, 50, 'owner', 'Name of the user that should own the filesystem object, as would be fed to I(chown).', 'str', null, false),
(558, 50, 'group', 'Name of the group that should own the filesystem object, as would be fed to I(chown).', 'str', null, false),
(559, 50, 'seuser', 'The user part of the SELinux filesystem object context.', 'str', null, false),
(560, 50, 'serole', 'The role part of the SELinux filesystem object context.', 'str', null, false),
(561, 50, 'setype', 'The type part of the SELinux filesystem object context.', 'str', null, false),
(562, 50, 'selevel', 'The level part of the SELinux filesystem object context.', 'str', null, false),
(563, 50, 'unsafe_writes', 'Influence when to use atomic operation to prevent data corruption or inconsistent reads from the target filesystem object.', 'bool', null, false),
(564, 50, 'attributes', 'The attributes the resulting filesystem object should have.', 'str', null, false),
(565, 51, 'free_form', 'The shell module takes a free form command to run, as a string.', 'str', null, false),
(566, 51, 'cmd', 'The command to run followed by optional arguments.', 'str', null, false),
(567, 51, 'creates', 'A filename, when it already exists, this step will B(not) be run.', 'path', null, false),
(568, 51, 'removes', 'A filename, when it does not exist, this step will B(not) be run.', 'path', null, false),
(569, 51, 'chdir', 'Change into this directory before running the command.', 'path', null, false),
(570, 51, 'executable', 'Change the shell used to execute the command.', 'path', null, false),
(571, 51, 'stdin', 'Set the stdin of the command directly to the specified value.', 'str', null, false),
(572, 51, 'stdin_add_newline', 'Whether to append a newline to stdin data.', 'bool', null, false),
(573, 52, 'path', 'The full path of the file/object to get the facts of.', 'path', null, true),
(574, 52, 'follow', 'Whether to follow symlinks.', 'bool', null, false),
(575, 52, 'get_checksum', 'Whether to return a checksum of the file.', 'bool', null, false),
(576, 52, 'checksum_algorithm', 'Algorithm to determine checksum of file.', 'str', 'md5|sha1|sha224|sha256|sha384|sha512', false),
(577, 52, 'get_mime', 'Use file magic and return data about the nature of the file. this uses the file utility found on most Linux/Unix systems.', 'bool', null, false),
(578, 52, 'get_attributes', 'Get file attributes using lsattr tool if present.', 'bool', null, false),
(579, 53, 'argument_spec', 'A dictionary like AnsibleModule argument_spec', null, null, true),
(580, 53, 'provided_arguments', 'A dictionary of the arguments that will be validated according to argument_spec', null, null, false),
(581, 54, 'name', 'Name of the unit. This parameter takes the name of exactly one unit to work with.', 'str', null, false),
(582, 54, 'state', 'C(started)/C(stopped) are idempotent actions that will not run commands unless necessary. C(restarted) will always bounce the unit. C(reloaded) will always reload.', 'str', 'reloaded|restarted|started|stopped', false),
(583, 54, 'enabled', 'Whether the unit should start on boot. B(At least one of state and enabled are required.)', 'bool', null, false),
(584, 54, 'force', 'Whether to override existing symlinks.', 'bool', null, false),
(585, 54, 'masked', 'Whether the unit should be masked or not, a masked unit is impossible to start.', 'bool', null, false),
(586, 54, 'daemon_reload', 'Run daemon-reload before doing any other operations, to make sure systemd has read any changes.', 'bool', null, false),
(587, 54, 'daemon_reexec', 'Run daemon_reexec command before doing any other operations, the systemd manager will serialize the manager state.', 'bool', null, false),
(588, 54, 'scope', 'Run systemctl within a given service manager scope, either as the default system scope C(system), the current users scope C(user), or the scope of all users C(global).', 'str', 'system|user|global', false),
(589, 54, 'no_block', 'Do not synchronously wait for the requested operation to finish. Enqueued job will continue without Ansible blocking on its completion.', 'bool', null, false),
(590, 55, 'path', 'The file to modify.', 'path', null, true),
(591, 55, 'regexp', 'The regular expression to look for in the contents of the file.', 'str', null, true),
(592, 55, 'replace', 'The string to replace regexp matches.', 'str', null, false),
(593, 55, 'after', 'If specified, only content after this match will be replaced/removed.', 'str', null, false),
(594, 55, 'before', 'If specified, only content before this match will be replaced/removed.', 'str', null, false),
(595, 55, 'backup', 'Create a backup file including the timestamp information so you can get the original file back if you somehow clobbered it incorrectly.', 'bool', null, false),
(596, 55, 'others', 'All arguments accepted by the M(ansible.builtin.file) module also work here.', 'str', null, false),
(597, 55, 'encoding', 'The character encoding for reading and writing the file.', 'str', null, false),
(598, 55, 'mode', 'The permissions the resulting filesystem object should have.', 'raw', null, false),
(599, 55, 'owner', 'Name of the user that should own the filesystem object, as would be fed to I(chown).', 'str', null, false),
(600, 55, 'group', 'Name of the group that should own the filesystem object, as would be fed to I(chown).', 'str', null, false),
(601, 55, 'seuser', 'The user part of the SELinux filesystem object context.', 'str', null, false),
(602, 55, 'serole', 'The role part of the SELinux filesystem object context.', 'str', null, false),
(603, 55, 'setype', 'The type part of the SELinux filesystem object context.', 'str', null, false),
(604, 55, 'selevel', 'The level part of the SELinux filesystem object context.', 'str', null, false),
(605, 55, 'unsafe_writes', 'Influence when to use atomic operation to prevent data corruption or inconsistent reads from the target filesystem object.', 'bool', null, false),
(606, 55, 'attributes', 'The attributes the resulting filesystem object should have.', 'str', null, false),
(607, 55, 'validate', 'The validation command to run before copying the updated file into the final destination.', 'str', null, false),
(608, 57, 'key', 'Key that will be modified. Can be a url, a file on the managed node, or a keyid if the key already exists in the database.', 'str', null, true),
(609, 57, 'state', 'If the key will be imported or removed from the rpm db.', 'str', 'absent|present', false),
(610, 57, 'validate_certs', 'If C(false) and the C(key) is a url starting with https, SSL certificates will not be validated.', 'bool', null, false),
(611, 57, 'fingerprint', 'The long-form fingerprint of the key being imported.', 'str', null, false),
(612, 58, 'name', 'Name of the host.', 'str', null, true),
(613, 58, 'use', 'Which strategy to use to update the hostname.', 'str', 'alpine|debian|freebsd|generic|macos|macosx|darwin|openbsd|openrc|redhat|sles|solaris|systemd', false),
(614, 59, 'follow', 'Determine whether symbolic links should be followed.', 'bool', null, false),
(615, 59, 'backup', 'Create a backup file including the timestamp information so you can get the original file back if you somehow clobbered it incorrectly.', 'bool', null, false),
(616, 59, 'mode', 'The permissions the resulting filesystem object should have.', 'raw', null, false),
(617, 59, 'owner', 'Name of the user that should own the filesystem object, as would be fed to I(chown).', 'str', null, false),
(618, 59, 'group', 'Name of the group that should own the filesystem object, as would be fed to I(chown).', 'str', null, false),
(619, 59, 'seuser', 'The user part of the SELinux filesystem object context.', 'str', null, false),
(620, 59, 'serole', 'The role part of the SELinux filesystem object context.', 'str', null, false),
(621, 59, 'setype', 'The type part of the SELinux filesystem object context.', 'str', null, false),
(622, 59, 'selevel', 'The level part of the SELinux filesystem object context.', 'str', null, false),
(623, 59, 'unsafe_writes', 'Influence when to use atomic operation to prevent data corruption or inconsistent reads from the target filesystem object.', 'bool', null, false),
(624, 59, 'attributes', 'The attributes the resulting filesystem object should have.', 'str', null, false),
(625, 59, 'src', 'Path of a Jinja2 formatted template on the Ansible controller.', 'path', null, true),
(626, 59, 'dest', 'Location to render the template to on the remote machine.', 'path', null, true),
(627, 59, 'newline_sequence', 'Specify the newline sequence to use for templating files.', 'str', '\n|\r|\r\n', false),
(628, 59, 'block_start_string', 'The string marking the beginning of a block.', 'str', null, false),
(629, 59, 'block_end_string', 'The string marking the end of a block.', 'str', null, false),
(630, 59, 'variable_start_string', 'The string marking the beginning of a print statement.', 'str', null, false),
(631, 59, 'variable_end_string', 'The string marking the end of a print statement.', 'str', null, false),
(632, 59, 'comment_start_string', 'The string marking the beginning of a comment statement.', 'str', null, false),
(633, 59, 'comment_end_string', 'The string marking the end of a comment statement.', 'str', null, false),
(634, 59, 'trim_blocks', 'Determine when newlines should be removed from blocks.', 'bool', null, false),
(635, 59, 'lstrip_blocks', 'Determine when leading spaces and tabs should be stripped.', 'bool', null, false),
(636, 59, 'force', 'Determine when the file is being transferred if the destination already exists.', 'bool', null, false),
(637, 59, 'output_encoding', 'Overrides the encoding used to write the template file defined by C(dest).', 'str', null, false),
(638, 59, 'validate', 'The validation command to run before copying the updated file into the final destination.', 'str', null, false),
(639, 60, 'name', 'Description of a crontab entry or, if env is set, the name of environment variable.', 'str', null, true),
(640, 60, 'user', 'The specific user whose crontab should be modified.', 'str', null, false),
(641, 60, 'job', 'The command to execute or, if env is set, the value of environment variable.', 'str', null, false),
(642, 60, 'state', 'Whether to ensure the job or environment variable is present or absent.', 'str', 'absent|present', false),
(643, 60, 'cron_file', 'If specified, uses this file instead of an individual users crontab. The assumption is that this file is exclusively managed by the module, do not use if the file contains multiple entries, NEVER use for /etc/crontab.', 'path', null, false),
(644, 60, 'backup', 'If set, create a backup of the crontab before it is modified. The location of the backup is returned in the C(backup_file) variable by this module.', 'bool', null, false),
(645, 60, 'minute', 'Minute when the job should run (C(0-59), C(*), C(*/2), and so on).', 'str', null, false),
(646, 60, 'hour', 'Hour when the job should run (C(0-23), C(*), C(*/2), and so on).', 'str', null, false),
(647, 60, 'day', 'Day of the month the job should run (C(1-31), C(*), C(*/2), and so on).', 'str', null, false),
(648, 60, 'month', 'Month of the year the job should run (C(1-12), C(*), C(*/2), and so on).', 'str', null, false),
(649, 60, 'weekday', 'Day of the week that the job should run (C(0-6) for Sunday-Saturday, C(*), and so on).', 'str', null, false),
(650, 60, 'special_time', 'Special time specification nickname.', 'str', 'annually|daily|hourly|monthly|reboot|weekly|yearly', false),
(651, 60, 'disabled', 'If the job should be disabled (commented out) in the crontab.', 'bool', null, false),
(652, 60, 'env', 'If set, manages a crontabs environment variable.', 'bool', null, false),
(653, 60, 'insertafter', 'Used with I(state=present) and I(env).', 'str', null, false),
(654, 60, 'insertbefore', 'Used with I(state=present) and I(env).', 'str', null, false),
(655, 61, 'name', 'Package name, or package specifier with version.', null, null, true),
(656, 61, 'state', 'Whether to install (C(present)), or remove (C(absent)) a package.', null, null, true),
(657, 61, 'use', 'The required package manager module to use (C(yum), C(apt), and so on). The default auto will use existing facts or try to autodetect it.', null, null, false),
(658, 62, 'async', 'If set to C(true) Yum will download packages and metadata from this repo in parallel, if possible.', 'bool', null, false),
(659, 62, 'bandwidth', 'Maximum available network bandwidth in bytes/second. Used with the I(throttle) option.', 'str', null, false),
(660, 62, 'baseurl', 'URL to the directory where the yum repositorys repodata directory lives.', 'list', null, false),
(661, 62, 'cost', 'Relative cost of accessing this repository. Useful for weighing one repos packages as greater/less than any other.', 'str', null, false),
(662, 62, 'deltarpm_metadata_percentage', 'When the relative size of deltarpm metadata vs pkgs is larger than this, deltarpm metadata is not downloaded from the repo. Note that you can give values over C(100), so C(200) means that the metadata is required to be half the size of the packages. Use C(0) to turn off this check, and always download metadata.', 'str', null, false),
(663, 62, 'deltarpm_percentage', 'When the relative size of delta vs pkg is larger than this, delta is not used. Use C(0) to turn off delta rpm processing. Local repositories (with file:// I(baseurl)) have delta rpms turned off by default.', 'str', null, false),
(664, 62, 'description', 'A human readable string describing the repository. This option corresponds to the "name" property in the repo file.', 'str', null, false),
(665, 62, 'enabled', 'This tells yum whether or not use this repository.', 'bool', null, false),
(666, 62, 'enablegroups', 'Determines whether yum will allow the use of package groups for this repository.', 'bool', null, false),
(667, 62, 'exclude', 'List of packages to exclude from updates or installs. This should be a space separated list. Shell globs using wildcards (eg. C(*) and C(?)) are allowed.', 'list', null, false),
(668, 62, 'failovermethod', 'C(roundrobin) randomly selects a URL out of the list of URLs to start with and proceeds through each of them as it encounters a failure contacting the host.', 'str', 'roundrobin|priority', false),
(669, 62, 'file', 'File name without the C(.repo) extension to save the repo in. Defaults to the value of I(name).', 'str', null, false),
(670, 62, 'gpgcakey', 'A URL pointing to the ASCII-armored CA key file for the repository.', 'str', null, false),
(671, 62, 'gpgcheck', 'Tells yum whether or not it should perform a GPG signature check on packages.', 'bool', null, false),
(672, 62, 'gpgkey', 'A URL pointing to the ASCII-armored GPG key file for the repository.', 'list', null, false),
(673, 62, 'module_hotfixes', 'Disable module RPM filtering and make all RPMs from the repository available. The default is C(None).', 'bool', null, false),
(674, 62, 'http_caching', 'Determines how upstream HTTP caches are instructed to handle any HTTP downloads that Yum does.', 'str', 'all|packages|none', false),
(675, 62, 'include', 'Include external configuration file. Both, local path and URL is supported. Configuration file will be inserted at the position of the I(include=) line. Included files may contain further include lines. Yum will abort with an error if an inclusion loop is detected.', 'str', null, false),
(676, 62, 'includepkgs', 'List of packages you want to only use from a repository. This should be a space separated list. Shell globs using wildcards (eg. C(*) and C(?)) are allowed. Substitution variables (e.g. C($releasever)) are honored here.', 'list', null, false),
(677, 62, 'ip_resolve', 'Determines how yum resolves host names.', 'str', '4|6|IPv4|IPv6|whatever', false),
(678, 62, 'keepalive', 'This tells yum whether or not HTTP/1.1 keepalive should be used with this repository. This can improve transfer speeds by using one connection when downloading multiple files from a repository.', 'bool', null, false),
(679, 62, 'keepcache', 'Either C(1) or C(0). Determines whether or not yum keeps the cache of headers and packages after successful installation.', 'str', '0|1', false),
(680, 62, 'metadata_expire', 'Time (in seconds) after which the metadata will expire.', 'str', null, false),
(681, 62, 'metadata_expire_filter', 'Filter the I(metadata_expire) time, allowing a trade of speed for accuracy if a command doesnt require it. Each yum command can specify that it requires a certain level of timeliness quality from the remote repos. from "Im about to install/upgrade, so this better be current" to "Anything thats available is good enough".', 'str', 'never|read-only:past|read-only:present|read-only:future', false),
(682, 62, 'metalink', 'Specifies a URL to a metalink file for the repomd.xml, a list of mirrors for the entire repository are generated by converting the mirrors for the repomd.xml file to a I(baseurl).', 'str', null, false),
(683, 62, 'mirrorlist', 'Specifies a URL to a file containing a list of baseurls.', 'str', null, false),
(684, 62, 'mirrorlist_expire', 'Time (in seconds) after which the mirrorlist locally cached will expire.', 'str', null, false),
(685, 62, 'name', 'Unique repository ID. This option builds the section name of the repository in the repo file.', 'str', null, true),
(686, 62, 'password', 'Password to use with the username for basic authentication.', 'str', null, false),
(687, 62, 'priority', 'Enforce ordered protection of repositories. The value is an integer from 1 to 99.', 'str', null, false),
(688, 62, 'protect', 'Protect packages from updates from other repositories.', 'bool', null, false),
(689, 62, 'proxy', 'URL to the proxy server that yum should use. Set to C(_none_) to disable the global proxy setting.', 'str', null, false),
(690, 62, 'proxy_password', 'Password for this proxy.', 'str', null, false),
(691, 62, 'proxy_username', 'Username to use for proxy.', 'str', null, false),
(692, 62, 'repo_gpgcheck', 'This tells yum whether or not it should perform a GPG signature check on the repodata from this repository.', 'bool', null, false),
(693, 62, 'reposdir', 'Directory where the C(.repo) files will be stored.', 'path', null, false),
(694, 62, 'retries', 'Set the number of times any attempt to retrieve a file should retry before returning an error. Setting this to C(0) makes yum try forever.', 'str', null, false),
(695, 62, 's3_enabled', 'Enables support for S3 repositories.', 'bool', null, false),
(696, 62, 'skip_if_unavailable', 'If set to C(true) yum will continue running if this repository cannot be contacted for any reason. This should be set carefully as all repos are consulted for any given command.', 'bool', null, false),
(697, 62, 'ssl_check_cert_permissions', 'Whether yum should check the permissions on the paths for the certificates on the repository (both remote and local).', 'bool', null, false),
(698, 62, 'sslcacert', 'Path to the directory containing the databases of the certificate authorities yum should use to verify SSL certificates.', 'str', null, false),
(699, 62, 'sslclientcert', 'Path to the SSL client certificate yum should use to connect to repos/remote sites.', 'str', null, false),
(700, 62, 'sslclientkey', 'Path to the SSL client key yum should use to connect to repos/remote sites.', 'str', null, false),
(701, 62, 'sslverify', 'Defines whether yum should verify SSL certificates/hosts at all.', 'bool', null, false),
(702, 62, 'state', 'State of the repo file.', 'str', 'absent|present', false),
(703, 62, 'throttle', 'Enable bandwidth throttling for downloads.', 'str', null, false),
(704, 62, 'timeout', 'Number of seconds to wait for a connection before timing out.', 'str', null, false),
(705, 62, 'ui_repoid_vars', 'When a repository id is displayed, append these yum variables to the string if they are used in the I(baseurl)/etc. Variables are appended in the order listed (and found).', 'str', null, false),
(706, 62, 'username', 'Username to use for basic authentication to a repo or really any url.', 'str', null, false),
(707, 62, 'mode', 'The permissions the resulting filesystem object should have.', 'raw', null, false),
(708, 62, 'owner', 'Name of the user that should own the filesystem object, as would be fed to I(chown).', 'str', null, false),
(709, 62, 'group', 'Name of the group that should own the filesystem object, as would be fed to I(chown).', 'str', null, false),
(710, 62, 'seuser', 'The user part of the SELinux filesystem object context.', 'str', null, false),
(711, 62, 'serole', 'The role part of the SELinux filesystem object context.', 'str', null, false),
(712, 62, 'setype', 'The type part of the SELinux filesystem object context.', 'str', null, false),
(713, 62, 'selevel', 'The level part of the SELinux filesystem object context.', 'str', null, false),
(714, 62, 'unsafe_writes', 'Influence when to use atomic operation to prevent data corruption or inconsistent reads from the target filesystem object.', 'bool', null, false),
(715, 62, 'attributes', 'The attributes the resulting filesystem object should have.', 'str', null, false),
(716, 63, 'repo', 'A source string for the repository.', 'str', null, true),
(717, 63, 'state', 'A source string state.', 'str', 'absent|present', false),
(718, 63, 'mode', 'The octal mode for newly created files in sources.list.d.', 'raw', null, false),
(719, 63, 'update_cache', 'Run the equivalent of C(apt-get update) when a change occurs.  Cache updates are run after making changes.', 'bool', null, false),
(720, 63, 'update_cache_retries', 'Amount of retries if the cache update fails. Also see I(update_cache_retry_max_delay).', 'int', null, false),
(721, 63, 'update_cache_retry_max_delay', 'Use an exponential backoff delay for each retry (see I(update_cache_retries)) up to this max delay in seconds.', 'int', null, false),
(722, 63, 'validate_certs', 'If C(false), SSL certificates for the target repo will not be validated. This should only be used on personally controlled sites using self-signed certificates.', 'bool', null, false),
(723, 63, 'filename', 'Sets the name of the source list file in sources.list.d. Defaults to a file name based on the repository source url. The .list extension will be automatically added.', 'str', null, false),
(724, 63, 'codename', 'Override the distribution codename to use for PPA repositories. Should usually only be set when working with a PPA on a non-Ubuntu target (for example, Debian or Mint).', 'str', null, false),
(725, 63, 'install_python_apt', 'Whether to automatically try to install the Python apt library or not, if it is not already installed. Without this library, the module does not work.', 'bool', null, false),
(726, 64, 'name', 'The name of the role to be executed.', 'str', null, true),
(727, 64, 'tasks_from', 'File to load from a roles C(tasks/) directory.', 'str', null, false),
(728, 64, 'vars_from', 'File to load from a roles C(vars/) directory.', 'str', null, false),
(729, 64, 'defaults_from', 'File to load from a roles C(defaults/) directory.', 'str', null, false),
(730, 64, 'allow_duplicates', 'Overrides the roles metadata setting to allow using a role more than once with the same parameters.', 'bool', null, false),
(731, 64, 'handlers_from', 'File to load from a roles C(handlers/) directory.', 'str', null, false),
(732, 64, 'rolespec_validate', 'Perform role argument spec validation if an argument spec is defined.', 'bool', null, false),
(733, 65, 'name', 'Name of the user to create, remove or modify.', 'str', null, true),
(734, 65, 'uid', 'Optionally sets the I(UID) of the user.', 'int', null, false),
(735, 65, 'comment', 'Optionally sets the description (aka I(GECOS)) of user account.', 'str', null, false),
(736, 65, 'hidden', 'macOS only, optionally hide the user from the login window and system preferences.', 'bool', null, false),
(737, 65, 'non_unique', 'Optionally when used with the -u option, this option allows to change the user ID to a non-unique value.', 'bool', null, false),
(738, 65, 'seuser', 'Optionally sets the seuser type (user_u) on selinux enabled systems.', 'str', null, false),
(739, 65, 'group', 'Optionally sets the users primary group (takes a group name).', 'str', null, false),
(740, 65, 'groups', 'List of groups user will be added to.', 'list', null, false),
(741, 65, 'append', 'If C(true), add the user to the groups specified in C(groups).', 'bool', null, false),
(742, 65, 'shell', 'Optionally set the users shell.', 'str', null, false),
(743, 65, 'home', 'Optionally set the users home directory.', 'path', null, false),
(744, 65, 'skeleton', 'Optionally set a home skeleton directory.', 'str', null, false),
(745, 65, 'password', 'If provided, set the users password to the provided encrypted hash (Linux) or plain text password (macOS).', 'str', null, false),
(746, 65, 'state', 'Whether the account should exist or not, taking action if the state is different from what is stated.', 'str', 'absent|present', false),
(747, 65, 'create_home', 'Unless set to C(false), a home directory will be made for the user when the account is created or if the home directory does not exist.', 'bool', null, false),
(748, 65, 'move_home', 'If set to C(true) when used with C(home: ), attempt to move the users old home directory to the specified directory if it isnt there already and the old home exists.', 'bool', null, false),
(749, 65, 'system', 'When creating an account C(state=present), setting this to C(true) makes the user a system account.', 'bool', null, false),
(750, 65, 'force', 'This only affects C(state=absent), it forces removal of the user and associated directories on supported platforms.', 'bool', null, false),
(751, 65, 'remove', 'This only affects C(state=absent), it attempts to remove directories associated with the user.', 'bool', null, false),
(752, 65, 'login_class', 'Optionally sets the users login class, a feature of most BSD OSs.', 'str', null, false),
(753, 65, 'generate_ssh_key', 'Whether to generate a SSH key for the user in question.', 'bool', null, false),
(754, 65, 'ssh_key_bits', 'Optionally specify number of bits in SSH key to create.', 'int', null, false),
(755, 65, 'ssh_key_type', 'Optionally specify the type of SSH key to generate.', 'str', null, false),
(756, 65, 'ssh_key_file', 'Optionally specify the SSH key filename.', 'path', null, false),
(757, 65, 'ssh_key_comment', 'Optionally define the comment for the SSH key.', 'str', null, false),
(758, 65, 'ssh_key_passphrase', 'Set a passphrase for the SSH key.', 'str', null, false),
(759, 65, 'update_password', 'C(always) will update passwords if they differ.', 'str', 'always|on_create', false),
(760, 65, 'expires', 'An expiry time for the user in epoch, it will be ignored on platforms that do not support this.', 'float', null, false),
(761, 65, 'password_lock', 'Lock the password (C(usermod -L), C(usermod -U), C(pw lock)).', 'bool', null, false),
(762, 65, 'local', 'Forces the use of "local" command alternatives on platforms that implement it.', 'bool', null, false),
(763, 65, 'profile', 'Sets the profile of the user.', 'str', null, false),
(764, 65, 'authorization', 'Sets the authorization of the user.', 'str', null, false),
(765, 65, 'role', 'Sets the role of the user.', 'str', null, false),
(766, 65, 'password_expire_max', 'Maximum number of days between password change.', 'int', null, false),
(767, 65, 'password_expire_min', 'Minimum number of days between password change.', 'int', null, false),
(768, 65, 'umask', 'Sets the umask of the user.', 'str', null, false),
(769, 66, 'msg', 'The customized message used for failing execution.', 'str', null, false),
(770, 67, 'free_form', 'Path to the local script file followed by optional arguments.', null, null, false),
(771, 67, 'cmd', 'Path to the local script to run followed by optional arguments.', 'str', null, false),
(772, 67, 'creates', 'A filename on the remote node, when it already exists, this step will B(not) be run.', null, null, false),
(773, 67, 'removes', 'A filename on the remote node, when it does not exist, this step will B(not) be run.', null, null, false),
(774, 67, 'chdir', 'Change into this directory on the remote node before running the script.', null, null, false),
(775, 67, 'executable', 'Name or path of a executable to invoke the script with.', null, null, false),
(776, 67, 'decrypt', 'This option controls the autodecryption of source files using vault.', 'bool', null, false),
(777, 68, 'parallel', 'A toggle that controls if the fact modules are executed in parallel or serially and in order. This can guarantee the merge order of module facts at the expense of performance.', 'bool', null, false),
(778, 69, 'jid', 'Job or task identifier', 'str', null, true),
(779, 69, 'mode', 'If C(status), obtain the status.', 'str', 'cleanup|status', false),
(780, 70, 'name', 'A list of package names, like C(foo), or package specifier with version, like C(foo=1.0) or C(foo>=1.0). Name wildcards (fnmatch) like C(apt*) and version wildcards like C(foo=1.0*) are also supported.', 'list', null, false),
(781, 70, 'state', 'Indicates the desired package state. C(latest) ensures that the latest version is installed. C(build-dep) ensures the package build dependencies are installed. C(fixed) attempt to correct a system with broken dependencies in place.', 'str', 'absent|build-dep|latest|present|fixed', false),
(782, 70, 'update_cache', 'Run the equivalent of C(apt-get update) before the operation. Can be run as part of the package installation or as a separate step.', 'bool', null, false),
(783, 70, 'update_cache_retries', 'Amount of retries if the cache update fails. Also see I(update_cache_retry_max_delay).', 'int', null, false),
(784, 70, 'update_cache_retry_max_delay', 'Use an exponential backoff delay for each retry (see I(update_cache_retries)) up to this max delay in seconds.', 'int', null, false),
(785, 70, 'cache_valid_time', 'Update the apt cache if it is older than the I(cache_valid_time). This option is set in seconds.', 'int', null, false),
(786, 70, 'purge', 'Will force purging of configuration files if the module state is set to I(absent).', 'bool', null, false),
(787, 70, 'default_release', 'Corresponds to the C(-t) option for I(apt) and sets pin priorities', 'str', null, false),
(788, 70, 'install_recommends', 'Corresponds to the C(--no-install-recommends) option for I(apt). C(true) installs recommended packages.  C(false) does not install recommended packages. By default, Ansible will use the same defaults as the operating system. Suggested packages are never installed.', 'bool', null, false),
(789, 70, 'force', 'Corresponds to the C(--force-yes) to I(apt-get) and implies C(allow_unauthenticated: yes) and C(allow_downgrade: yes)', 'bool', null, false),
(790, 70, 'clean', 'Run the equivalent of C(apt-get clean) to clear out the local repository of retrieved package files. It removes everything but the lock file from /var/cache/apt/archives/ and /var/cache/apt/archives/partial/.', 'bool', null, false),
(791, 70, 'allow_unauthenticated', 'Ignore if packages cannot be authenticated. This is useful for bootstrapping environments that manage their own apt-key setup.', 'bool', null, false),
(792, 70, 'allow_downgrade', 'Corresponds to the C(--allow-downgrades) option for I(apt).', 'bool', null, false),
(793, 70, 'allow_change_held_packages', 'Allows changing the version of a package which is on the apt hold list', 'bool', null, false),
(794, 70, 'upgrade', 'If yes or safe, performs an aptitude safe-upgrade.', 'str', 'dist|full|no|safe|yes', false),
(795, 70, 'dpkg_options', 'Add dpkg options to apt command. Defaults to -o "Dpkg::Options::=--force-confdef" -o "Dpkg::Options::=--force-confold"', 'str', null, false),
(796, 70, 'deb', 'Path to a .deb package on the remote machine.', 'path', null, true),
(797, 70, 'autoremove', 'If C(true), remove unused dependency packages for all module states except I(build-dep). It can also be used as the only option.', 'bool', null, false),
(798, 70, 'autoclean', 'If C(true), cleans the local repository of retrieved package files that can no longer be downloaded.', 'bool', null, false),
(799, 70, 'policy_rc_d', 'Force the exit code of /usr/sbin/policy-rc.d.', 'int', null, false),
(800, 70, 'only_upgrade', 'Only upgrade a package if it is already installed.', 'bool', null, false),
(801, 70, 'fail_on_autoremove', 'Corresponds to the C(--no-remove) option for C(apt).', 'bool', null, false),
(802, 70, 'force_apt_get', 'Force usage of apt-get instead of aptitude', 'bool', null, false),
(803, 70, 'lock_timeout', 'How many seconds will this action wait to acquire a lock on the apt db.', 'int', null, false),
(804, 71, 'host', 'A resolvable hostname or IP address to wait for.', 'str', null, false),
(805, 71, 'timeout', 'Maximum number of seconds to wait for, when used with another condition it will force an error.', 'int', null, false),
(806, 71, 'connect_timeout', 'Maximum number of seconds to wait for a connection to happen before closing and retrying.', 'int', null, false),
(807, 71, 'delay', 'Number of seconds to wait before starting to poll.', 'int', null, false),
(808, 71, 'port', 'Port number to poll.', 'int', null, false),
(809, 71, 'active_connection_states', 'The list of TCP connection states which are counted as active connections.', 'list', null, false),
(810, 71, 'state', 'Either C(present), C(started), or C(stopped), C(absent), or C(drained).', 'str', 'absent|drained|present|started|stopped', false),
(811, 71, 'path', 'Path to a file on the filesystem that must exist before continuing.', 'path', null, false),
(812, 71, 'search_regex', 'Can be used to match a string in either a file or a socket connection.', 'str', null, false),
(813, 71, 'exclude_hosts', 'List of hosts or IPs to ignore when looking for active TCP connections for C(drained) state.', 'list', null, false),
(814, 71, 'sleep', 'Number of seconds to sleep between checks.', 'int', null, false),
(815, 71, 'msg', 'This overrides the normal error message from a failure to meet the required conditions.', 'str', null, false),
(816, 72, 'msg', 'The customized message that is printed. If omitted, prints a generic message.', 'str', null, false),
(817, 72, 'var', 'A variable name to debug.', 'str', null, false),
(818, 72, 'verbosity', 'A number that controls when the debug is run, if you set to 3 it will only run debug when -vvv or above.', 'int', null, false);
